=~=~=~=~=~=~=~=~=~=~=~= PuTTY log 2022.12.06 02:11:22 =~=~=~=~=~=~=~=~=~=~=~=,
,
2151.13,-8.41
2151.13,-8.84
2151.13,-9.06
2151.13,-9.06
2151.13,-7.11
2151.13,-8.84
2151.13,-8.84
2151.13,-8.73
2151.13,-7.65
2151.13,-9.27
2151.14,-9.06
2151.14,-9.49
2151.14,-7.33
2151.14,-8.62
2151.14,-9.27
2151.14,-8.62
2151.14,-8.52
2151.14,-9.27
2151.14,-8.95
2151.14,-8.19
2151.15,-8.95
2151.15,-8.95
2151.15,-7.01
2151.15,-8.84
2151.15,-8.84
2151.16,-9.16
2151.16,-7.87
2151.16,-8.73
2151.16,-8.84
2151.16,-9.16
2151.17,-8.95
2151.17,-9.06
2151.17,-8.84
2151.17,-9.16
2151.17,-8.84
2151.17,-7.76
2151.17,-8.84
2151.17,-9.81
2151.17,-9.59
2151.17,-8.73
2151.17,-7.87
2151.18,-9.16
2151.18,-9.81
2151.18,-8.52
2151.18,-9.06
2151.18,-9.27
2151.18,-8.52
2151.18,-9.16
2151.18,-8.95
2151.18,-9.38
2151.18,-8.84
2151.19,-8.62
2151.19,-8.62
2151.19,-9.38
2151.19,-8.95
2151.19,-8.95
2151.19,-7.11
2151.2,-8.73
2151.2,-8.73
2151.2,-8.62
2151.2,-8.19
2151.21,-8.52
2151.21,-8.62
2151.21,-7.01
2151.21,-8.3
2151.21,-8.84
2151.21,-9.16
2151.21,-7.33
2151.21,-9.81
2151.21,-9.06
2151.21,-8.95
2151.22,-9.16
2151.22,-9.06
2151.22,-8.73
2151.22,-7.76
2151.22,-8.84
2151.22,-8.84
2151.22,-9.16
2151.22,-8.84
2151.22,-9.16
2151.22,-9.27
2151.23,-9.27
2151.23,-7.11
2151.23,-9.06
2151.23,-8.84
2151.23,-8.84
2151.23,-8.52
2151.23,-8.84
2151.24,-9.7
2151.24,-7.11
2151.24,-8.09
2151.25,-10.35
2151.25,-8.73
2151.25,-9.27
2151.25,-9.06
2151.25,-9.16
2151.25,-9.27
2151.25,-9.06
2151.25,-9.06
2151.25,-8.84
2151.25,-9.06
2151.26,-8.84
2151.26,-8.95
2151.26,-9.38
2151.26,-9.49
2151.26,-8.73
2151.26,-8.62
2151.26,-8.84
2151.26,-8.73
2151.26,-9.38
2151.26,-8.41
2151.27,-8.41
2151.27,-8.95
2151.27,-9.06
2151.27,-9.16
2151.27,-9.81
2151.27,-7.55
2151.27,-9.06
2151.27,-8.73
2151.27,-7.22
2151.28,-8.52
2151.28,-9.06
2151.28,-9.38
2151.29,-9.16
2151.29,-8.09
2151.29,-7.11
2151.29,-9.16
2151.29,-8.84
2151.29,-8.84
2151.29,-7.01
2151.29,-9.38
2151.29,-9.06
2151.3,-8.95
2151.3,-8.62
2151.3,-9.38
2151.3,-8.84
2151.3,-7.33
2151.3,-9.16
2151.3,-8.84
2151.3,-9.16
2151.3,-7.11
2151.3,-7.33
2151.31,-8.84
2151.31,-9.16
2151.31,-7.11
2151.31,-7.01
2151.31,-9.06
2151.31,-9.38
2151.31,-9.16
2151.31,-8.41
2151.31,-9.06
2151.31,-8.73
2151.32,-9.06
2151.32,-7.01
2151.32,-8.84
2151.33,-8.73
2151.33,-9.27
2151.33,-7.33
2151.33,-9.16
2151.33,-9.16
2151.33,-8.95
2151.33,-8.95
2151.34,-8.84
2151.34,-9.38
2151.34,-8.84
2151.34,-8.95
2151.34,-8.62
2151.34,-9.06
2151.34,-8.52
2151.34,-8.19
2151.34,-8.73
2151.34,-8.84
2151.35,-7.44
2151.35,-9.49
2151.35,-9.59
2151.35,-9.16
2151.35,-9.49
2151.35,-9.16
2151.35,-8.84
2151.35,-9.27
2151.35,-8.09
2151.35,-8.84
2151.36,-8.73
2151.36,-9.16
2151.36,-8.84
2151.36,-9.49
2151.37,-7.33
2151.37,-8.09
2151.37,-8.62
2151.37,-9.27
2151.37,-8.84
2151.37,-8.62
2151.37,-9.16
2151.38,-9.16
2151.38,-7.98
2151.38,-8.84
2151.38,-9.49
2151.38,-8.84
2151.38,-9.49
2151.38,-8.41
2151.38,-8.84
2151.38,-8.84
2151.38,-9.16
2151.39,-8.09
2151.39,-7.65
2151.39,-9.16
2151.39,-8.52
2151.39,-8.84
2151.39,-9.06
2151.39,-7.65
2151.39,-9.27
2151.39,-9.81
2151.39,-9.38
2151.4,-8.62
2151.4,-9.27
2151.41,-9.27
2151.41,-9.06
2151.41,-10.35
2151.41,-7.98
2151.41,-7.65
2151.41,-8.95
2151.41,-9.38
2151.41,-8.84
2151.42,-9.59
2151.42,-8.09
2151.42,-8.73
2151.42,-9.06
2151.42,-8.73
2151.42,-9.16
2151.42,-7.11
2151.42,-7.76
2151.42,-8.84
2151.42,-9.06
2151.43,-9.38
2151.43,-9.16
2151.43,-7.98
2151.43,-9.92
2151.43,-8.84
2151.43,-8.73
2151.43,-9.16
2151.43,-9.06
2151.43,-8.95
2151.43,-9.49
2151.44,-8.84
2151.44,-8.84
2151.44,-9.06
2151.45,-7.11
2151.45,-7.44
2151.45,-8.84
2151.45,-8.84
2151.45,-9.38
2151.45,-9.38
2151.45,-7.11
2151.46,-8.19
2151.46,-9.06
2151.46,-9.59
2151.46,-9.06
2151.46,-9.38
2151.46,-9.06
2151.46,-8.62
2151.46,-8.73
2151.46,-9.38
2151.46,-9.06
2151.46,-8.95
2151.47,-7.76
2151.47,-8.84
2151.47,-9.38
2151.47,-9.06
2151.47,-9.16
2151.47,-8.95
2151.47,-7.65
2151.47,-9.06
2151.47,-8.95
2151.47,-9.06
2151.48,-9.16
2151.48,-8.95
2151.48,-8.84
2151.48,-6.36
2151.49,-8.95
2151.49,-9.06
2151.49,-9.06
2151.49,-9.16
2151.49,-7.22
2151.49,-8.3
2151.5,-8.3
2151.5,-7.44
2151.5,-7.11
2151.5,-9.27
2151.5,-9.06
2151.5,-9.06
2151.5,-9.38
2151.5,-9.38
2151.5,-7.44
2151.5,-7.11
2151.51,-8.73
2151.51,-9.49
2151.51,-9.38
2151.51,-8.84
2151.51,-7.11
2151.51,-7.22
2151.51,-8.52
2151.51,-9.38
2151.51,-9.49
2151.51,-8.3
2151.52,-8.95
2151.52,-8.95
2151.52,-8.52
2151.52,-8.19
2151.52,-9.06
2151.52,-8.62
2151.53,-8.84
2151.53,-8.95
2151.53,-8.95
2151.53,-8.62
2151.54,-9.16
2151.54,-9.16
2151.54,-9.06
2151.54,-8.73
2151.54,-9.16
2151.54,-9.16
2151.54,-8.52
2151.54,-8.84
2151.54,-9.49
2151.54,-8.73
2151.55,-9.49
2151.55,-9.38
2151.55,-9.49
2151.55,-7.33
2151.55,-8.73
2151.55,-8.95
2151.55,-7.11
2151.55,-8.84
2151.55,-9.81
2151.55,-9.27
2151.55,-7.44
2151.56,-9.38
2151.56,-8.95
2151.56,-8.95
2151.56,-8.84
2151.56,-9.06
2151.56,-9.59
2151.57,-9.38
2151.57,-10.46
2151.57,-9.27
2151.57,-9.16
2151.58,-8.52
2151.58,-9.06
2151.58,-8.73
2151.58,-9.06
2151.58,-8.3
2151.58,-9.16
2151.58,-8.73
2151.58,-10.03
2151.58,-9.49
2151.58,-8.52
2151.59,-9.06
2151.59,-7.65
2151.59,-9.49
2151.59,-9.81
2151.59,-8.95
2151.59,-8.95
2151.59,-9.38
2151.59,-9.16
2151.59,-8.84
2151.59,-9.49
2151.6,-8.95
2151.6,-8.84
2151.6,-7.87
2151.6,-8.52
2151.6,-8.3
2151.6,-9.27
2151.6,-7.11
2151.6,-8.84
2151.61,-8.73
2151.61,-7.01
2151.61,-9.38
2151.62,-7.65
2151.62,-9.16
2151.62,-9.38
2151.62,-9.06
2151.62,-7.98
2151.62,-9.49
2151.62,-9.06
2151.62,-9.06
2151.62,-9.16
2151.63,-9.38
2151.63,-8.73
2151.63,-9.38
2151.63,-9.06
2151.63,-8.84
2151.63,-8.52
2151.63,-8.84
2151.63,-8.84
2151.63,-9.59
2151.63,-9.16
2151.64,-9.49
2151.64,-9.16
2151.64,-9.06
2151.64,-9.92
2151.64,-8.84
2151.64,-9.27
2151.64,-8.62
2151.64,-9.7
2151.64,-8.62
2151.64,-8.52
2151.66,-9.49
2151.66,-8.84
2151.66,-8.84
2151.66,-7.87
2151.66,-9.16
2151.66,-9.92
2151.66,-9.49
2151.66,-9.49
2151.66,-9.16
2151.66,-8.3
2151.66,-9.7
2151.67,-9.16
2151.67,-9.16
2151.67,-8.62
2151.67,-9.27
2151.67,-9.16
2151.67,-9.49
2151.67,-8.19
2151.67,-9.16
2151.67,-9.27
2151.67,-9.49
2151.68,-9.16
2151.68,-7.87
2151.68,-9.16
2151.68,-9.16
2151.68,-7.76
2151.68,-9.16
2151.68,-9.16
2151.68,-9.49
2151.68,-7.55
2151.68,-8.73
2151.7,-9.7
2151.7,-7.11
2151.7,-8.84
2151.7,-8.95
2151.7,-9.38
2151.7,-8.62
2151.7,-9.27
2151.7,-9.06
2151.7,-9.06
2151.7,-9.16
2151.71,-8.84
2151.71,-9.27
2151.71,-9.27
2151.71,-9.27
2151.71,-8.84
2151.71,-9.16
2151.71,-8.3
2151.71,-9.38
2151.71,-9.81
2151.71,-7.22
2151.72,-9.81
2151.72,-8.84
2151.72,-9.81
2151.72,-9.27
2151.72,-7.33
2151.72,-9.16
2151.72,-8.62
2151.72,-8.62
2151.72,-9.06
2151.72,-8.3
2151.73,-8.52
2151.74,-9.49
2151.74,-8.62
2151.74,-9.16
2151.74,-9.38
2151.74,-7.44
2151.74,-9.27
2151.74,-8.95
2151.74,-8.62
2151.74,-9.16
2151.75,-9.92
2151.75,-9.59
2151.75,-8.73
2151.75,-9.38
2151.75,-8.73
2151.75,-7.87
2151.75,-9.06
2151.75,-9.38
2151.75,-8.73
2151.75,-8.95
2151.75,-8.52
2151.76,-9.06
2151.76,-9.49
2151.76,-6.79
2151.76,-9.49
2151.76,-8.95
2151.76,-8.84
2151.76,-8.19
2151.76,-9.06
2151.76,-8.84
2151.76,-8.84
2151.77,-8.95
2151.77,-9.38
2151.78,-9.38
2151.78,-9.16
2151.78,-8.41
2151.78,-8.84
2151.78,-9.27
2151.78,-8.84
2151.78,-8.84
2151.78,-9.38
2151.79,-8.52
2151.79,-9.27
2151.79,-9.06
2151.79,-7.11
2151.79,-9.59
2151.79,-8.84
2151.79,-9.38
2151.79,-9.38
2151.79,-9.16
2151.79,-9.16
2151.8,-8.3
2151.8,-9.06
2151.8,-9.81
2151.8,-9.27
2151.8,-9.16
2151.8,-9.59
2151.8,-8.95
2151.8,-9.16
2151.8,-8.84
2151.8,-9.27
2151.81,-9.81
2151.81,-10.03
2151.81,-9.81
2151.81,-8.41
2151.82,-9.16
2151.82,-8.73
2151.82,-9.27
2151.82,-7.87
2151.82,-6.9
2151.82,-7.87
2151.83,-7.87
2151.83,-8.52
2151.83,-8.52
2151.83,-9.16
2151.83,-8.95
2151.83,-9.06
2151.83,-7.11
2151.83,-8.52
2151.83,-9.16
2151.83,-9.7
2151.84,-8.19
2151.84,-8.52
2151.84,-9.38
2151.84,-9.16
2151.84,-8.95
2151.84,-9.06
2151.84,-8.73
2151.84,-8.84
2151.84,-8.3
2151.84,-9.06
2151.85,-7.33
2151.85,-8.62
2151.85,-8.84
2151.85,-9.7
2151.85,-9.27
2151.85,-9.16
2151.86,-9.38
2151.86,-8.73
2151.86,-10.56
2151.86,-9.81
2151.86,-10.03
2151.87,-9.81
2151.87,-8.73
2151.87,-8.95
2151.87,-9.49
2151.87,-9.06
2151.87,-9.16
2151.87,-8.95
2151.87,-8.62
2151.87,-9.16
2151.87,-9.81
2151.88,-7.44
2151.88,-8.84
2151.88,-9.7
2151.88,-9.38
2151.88,-9.38
2151.88,-9.7
2151.88,-9.49
2151.88,-8.3
2151.88,-8.95
2151.88,-8.3
2151.89,-9.38
2151.89,-8.62
2151.89,-8.09
2151.89,-9.06
2151.89,-8.95
2151.89,-8.84
2151.9,-9.49
2151.9,-7.11
2151.9,-9.16
2151.9,-9.27
2151.91,-9.81
2151.91,-9.16
2151.91,-9.49
2151.91,-10.46
2151.91,-8.09
2151.91,-9.16
2151.91,-9.49
2151.91,-9.81
2151.91,-9.92
2151.91,-9.16
2151.92,-9.38
2151.92,-9.38
2151.92,-9.38
2151.92,-9.06
2151.92,-8.95
2151.92,-10.24
2151.92,-8.84
2151.92,-9.92
2151.92,-9.06
2151.92,-9.06
2151.93,-9.59
2151.93,-9.81
2151.93,-8.95
2151.93,-9.06
2151.93,-9.16
2151.93,-9.49
2151.93,-9.16
2151.93,-8.09
2151.94,-9.27
2151.94,-9.38
2151.95,-9.16
2151.95,-9.16
2151.95,-9.59
2151.95,-10.46
2151.95,-9.81
2151.95,-9.49
2151.95,-9.49
2151.95,-9.27
2151.95,-9.7
2151.95,-9.27
2151.96,-9.59
2151.96,-9.49
2151.96,-8.19
2151.96,-7.65
2151.96,-9.16
2151.96,-9.81
2151.96,-8.84
2151.96,-9.16
2151.96,-8.41
2151.96,-8.73
2151.97,-9.16
2151.97,-9.27
2151.97,-7.76
2151.97,-8.52
2151.97,-8.84
2151.97,-9.38
2151.97,-9.16
2151.97,-8.73
2151.97,-9.16
2151.98,-9.7
2151.98,-9.49
2151.99,-9.16
2151.99,-7.44
2151.99,-8.52
2151.99,-9.92
2151.99,-9.59
2151.99,-9.59
2151.99,-9.59
2151.99,-8.62
2151.99,-6.68
2151.99,-8.73
2152,-8.95
2152,-9.27
2152,-9.49
2152,-8.95
2152,-7.98
2152,-8.73
2152,-8.84
2152,-9.49
2152,-9.81
2152,-9.49
2152.01,-8.09
2152.01,-9.92
2152.01,-9.16
2152.01,-8.95
2152.01,-9.38
2152.01,-9.49
2152.01,-9.81
2152.01,-9.27
2152.01,-7.44
2152.01,-9.38
2152.03,-9.49
2152.03,-9.06
2152.03,-8.09
2152.03,-8.62
2152.03,-10.13
2152.03,-9.49
2152.03,-9.38
2152.03,-9.16
2152.03,-9.49
2152.03,-7.33
2152.04,-9.38
2152.04,-9.59
2152.04,-9.59
2152.04,-9.92
2152.04,-9.27
2152.04,-8.95
2152.04,-9.59
2152.04,-8.95
2152.04,-8.41
2152.04,-8.3
2152.05,-9.38
2152.05,-8.84
2152.05,-9.49
2152.05,-8.84
2152.05,-9.59
2152.05,-8.73
2152.05,-8.95
2152.05,-10.03
2152.05,-9.27
2152.05,-10.13
2152.06,-8.52
2152.07,-8.84
2152.07,-7.22
2152.07,-8.84
2152.07,-9.38
2152.07,-8.62
2152.07,-8.95
2152.07,-8.95
2152.07,-8.95
2152.07,-9.49
2152.08,-9.38
2152.08,-9.16
2152.08,-7.22
2152.08,-9.27
2152.08,-9.81
2152.08,-8.09
2152.08,-9.38
2152.08,-9.59
2152.08,-9.49
2152.08,-7.44
2152.09,-9.59
2152.09,-9.38
2152.09,-7.22
2152.09,-9.38
2152.09,-9.27
2152.09,-7.44
2152.09,-9.06
2152.09,-9.81
2152.09,-9.81
2152.09,-9.16
2152.09,-9.06
2152.1,-9.49
2152.1,-9.38
2152.11,-8.95
2152.11,-9.16
2152.11,-9.38
2152.11,-9.49
2152.11,-8.73
2152.11,-9.38
2152.11,-9.49
2152.11,-10.03
2152.12,-9.38
2152.12,-7.65
2152.12,-9.38
2152.12,-9.16
2152.12,-9.59
2152.12,-8.95
2152.12,-9.92
2152.12,-9.27
2152.12,-9.81
2152.12,-9.49
2152.13,-8.3
2152.13,-7.11
2152.13,-8.95
2152.13,-9.27
2152.13,-9.49
2152.13,-9.49
2152.13,-5.93
2152.13,-9.38
2152.13,-9.81
2152.13,-9.06
2152.14,-7.11
2152.14,-7.44
2152.14,-8.73
2152.15,-9.49
2152.15,-9.38
2152.15,-9.38
2152.15,-7.55
2152.15,-8.73
2152.15,-10.56
2152.15,-9.49
2152.16,-9.06
2152.16,-9.59
2152.16,-9.16
2152.16,-9.27
2152.16,-9.38
2152.16,-9.92
2152.16,-8.09
2152.16,-8.73
2152.16,-8.95
2152.16,-9.06
2152.17,-9.16
2152.17,-9.27
2152.17,-9.49
2152.17,-9.38
2152.17,-9.16
2152.17,-9.38
2152.17,-8.84
2152.17,-9.06
2152.17,-9.49
2152.17,-8.09
2152.18,-9.16
2152.18,-9.06
2152.18,-7.55
2152.18,-9.16
2152.18,-9.59
2152.19,-9.49
2152.19,-9.92
2152.19,-9.16
2152.19,-8.52
2152.19,-9.81
2152.2,-10.03
2152.2,-8.95
2152.2,-9.16
2152.2,-9.27
2152.2,-9.16
2152.2,-9.38
2152.2,-9.59
2152.2,-8.95
2152.2,-9.59
2152.2,-8.84
2152.2,-9.81
2152.21,-9.27
2152.21,-9.16
2152.21,-8.95
2152.21,-8.52
2152.21,-9.16
2152.21,-9.06
2152.21,-9.27
2152.21,-9.92
2152.21,-7.65
2152.21,-7.65
2152.22,-9.92
2152.22,-9.92
2152.22,-9.81
2152.22,-9.59
2152.22,-8.19
2152.22,-9.59
2152.23,-9.38
2152.23,-9.7
2152.23,-9.92
2152.23,-9.16
2152.24,-8.62
2152.24,-9.59
2152.24,-9.16
2152.24,-9.49
2152.24,-9.38
2152.24,-7.65
2152.24,-8.19
2152.24,-8.84
2152.24,-9.49
2152.24,-9.49
2152.25,-7.22
2152.25,-9.49
2152.25,-9.16
2152.25,-9.81
2152.25,-9.38
2152.25,-9.49
2152.25,-9.81
2152.25,-8.84
2152.25,-9.38
2152.25,-9.49
2152.26,-8.95
2152.26,-9.16
2152.26,-9.59
2152.26,-9.27
2152.26,-8.52
2152.26,-8.84
2152.26,-9.16
2152.26,-9.38
2152.26,-9.81
2152.26,-9.06
2152.28,-7.33
2152.28,-9.38
2152.28,-9.59
2152.28,-9.92
2152.28,-9.38
2152.28,-7.76
2152.28,-8.73
2152.28,-9.49
2152.28,-9.81
2152.28,-9.38
2152.29,-9.81
2152.29,-9.81
2152.29,-8.52
2152.29,-9.92
2152.29,-9.49
2152.29,-9.49
2152.29,-9.59
2152.29,-7.76
2152.29,-8.3
2152.29,-8.52
2152.29,-9.59
2152.3,-9.59
2152.3,-9.81
2152.3,-7.65
2152.3,-8.3
2152.3,-8.09
2152.3,-9.16
2152.3,-9.59
2152.3,-8.95
2152.3,-9.59
2152.3,-9.7
2152.32,-9.16
2152.32,-9.06
2152.32,-8.84
2152.32,-9.49
2152.32,-9.27
2152.32,-9.06
2152.32,-7.22
2152.32,-8.95
2152.32,-10.03
2152.32,-9.16
2152.33,-8.52
2152.33,-9.81
2152.33,-9.16
2152.33,-10.03
2152.33,-7.98
2152.33,-9.16
2152.33,-8.84
2152.33,-9.92
2152.33,-7.65
2152.33,-9.16
2152.34,-10.13
2152.34,-8.09
2152.34,-8.95
2152.34,-8.52
2152.34,-9.49
2152.34,-8.09
2152.34,-9.59
2152.34,-9.38
2152.34,-7.33
2152.34,-9.06
2152.36,-9.49
2152.36,-8.09
2152.36,-10.03
2152.36,-9.38
2152.36,-8.09
2152.36,-8.95
2152.36,-9.06
2152.36,-8.95
2152.36,-9.38
2152.36,-9.06
2152.37,-10.35
2152.37,-9.81
2152.37,-9.92
2152.37,-7.44
2152.37,-8.95
2152.37,-9.81
2152.37,-9.81
2152.37,-9.59
2152.37,-8.3
2152.37,-9.27
2152.38,-7.33
2152.38,-9.06
2152.38,-9.59
2152.38,-9.27
2152.38,-8.73
2152.38,-8.84
2152.38,-7.22
2152.38,-8.62
2152.38,-9.16
2152.38,-8.19
2152.39,-7.87
2152.4,-9.06
2152.4,-10.13
2152.4,-9.81
2152.4,-9.16
2152.4,-9.49
2152.4,-9.49
2152.4,-9.16
2152.4,-9.16
2152.4,-9.49
2152.41,-8.73
2152.41,-7.22
2152.41,-9.38
2152.41,-9.81
2152.41,-9.49
2152.41,-9.49
2152.41,-9.27
2152.41,-8.84
2152.41,-9.16
2152.41,-9.38
2152.42,-8.73
2152.42,-8.84
2152.42,-8.41
2152.42,-9.81
2152.42,-9.81
2152.42,-10.67
2152.42,-10.46
2152.42,-9.16
2152.42,-9.38
2152.42,-9.38
2152.43,-9.59
2152.43,-9.92
2152.44,-8.09
2152.44,-8.3
2152.44,-8.09
2152.44,-10.13
2152.44,-9.81
2152.44,-9.27
2152.44,-9.06
2152.44,-8.09
2152.45,-7.76
2152.45,-7.11
2152.45,-8.84
2152.45,-9.92
2152.45,-10.46
2152.45,-9.92
2152.45,-9.49
2152.45,-8.62
2152.45,-9.92
2152.45,-9.59
2152.45,-7.33
2152.46,-7.87
2152.46,-7.22
2152.46,-8.84
2152.46,-9.27
2152.46,-8.84
2152.46,-9.38
2152.46,-10.03
2152.46,-9.81
2152.46,-8.95
2152.46,-8.84
2152.47,-9.16
2152.47,-8.52
2152.47,-9.7
2152.48,-9.59
2152.48,-7.65
2152.48,-9.27
2152.48,-8.62
2152.48,-9.06
2152.48,-9.81
2152.48,-9.81
2152.49,-9.81
2152.49,-9.49
2152.49,-9.59
2152.49,-8.95
2152.49,-7.22
2152.49,-7.11
2152.49,-9.7
2152.49,-9.59
2152.49,-8.95
2152.49,-9.92
2152.5,-8.73
2152.5,-9.16
2152.5,-10.35
2152.5,-9.38
2152.5,-8.09
2152.5,-7.55
2152.5,-10.46
2152.5,-9.81
2152.5,-9.81
2152.5,-10.46
2152.51,-10.56
2152.51,-10.46
2152.51,-9.16
2152.51,-8.3
2152.51,-9.49
2152.51,-9.7
2152.51,-9.16
2152.51,-9.7
2152.52,-8.73
2152.52,-8.41
2152.53,-9.16
2152.53,-7.44
2152.53,-8.09
2152.53,-9.81
2152.53,-9.92
2152.53,-9.92
2152.53,-9.16
2152.53,-8.73
2152.53,-8.84
2152.53,-9.38
2152.54,-9.27
2152.54,-9.27
2152.54,-9.38
2152.54,-7.55
2152.54,-9.16
2152.54,-8.62
2152.54,-9.81
2152.54,-9.59
2152.54,-9.38
2152.54,-9.81
2152.55,-9.27
2152.55,-10.24
2152.55,-9.7
2152.55,-8.84
2152.55,-9.38
2152.55,-9.92
2152.55,-9.49
2152.55,-9.49
2152.55,-9.81
2152.56,-9.06
2152.57,-9.38
2152.57,-9.06
2152.57,-8.95
2152.57,-8.95
2152.57,-9.06
2152.57,-9.81
2152.57,-9.38
2152.57,-9.06
2152.57,-9.81
2152.57,-8.3
2152.58,-9.38
2152.58,-9.59
2152.58,-9.49
2152.58,-8.52
2152.58,-8.62
2152.58,-9.27
2152.58,-9.81
2152.58,-9.38
2152.58,-9.59
2152.58,-9.81
2152.59,-9.59
2152.59,-7.22
2152.59,-8.84
2152.59,-8.84
2152.59,-9.16
2152.59,-9.06
2152.59,-9.81
2152.59,-10.03
2152.59,-8.62
2152.59,-8.73
2152.61,-9.06
2152.61,-9.59
2152.61,-9.59
2152.61,-10.03
2152.61,-8.84
2152.61,-9.27
2152.61,-9.16
2152.61,-10.13
2152.61,-8.95
2152.61,-8.73
2152.62,-8.95
2152.62,-9.49
2152.62,-9.92
2152.62,-9.81
2152.62,-9.59
2152.62,-9.49
2152.62,-8.41
2152.62,-9.38
2152.62,-9.38
2152.62,-9.81
2152.62,-9.16
2152.63,-9.38
2152.63,-9.49
2152.63,-9.59
2152.63,-9.49
2152.63,-10.24
2152.63,-8.62
2152.63,-9.16
2152.63,-9.27
2152.64,-9.38
2152.64,-9.49
2152.65,-8.84
2152.65,-9.38
2152.65,-9.38
2152.65,-9.49
2152.65,-9.49
2152.65,-9.59
2152.65,-8.73
2152.65,-8.41
2152.65,-9.16
2152.65,-9.38
2152.66,-9.92
2152.66,-9.49
2152.66,-9.38
2152.66,-9.81
2152.66,-8.52
2152.66,-9.38
2152.66,-9.92
2152.66,-10.03
2152.66,-9.59
2152.66,-8.84
2152.67,-8.84
2152.67,-9.27
2152.67,-9.49
2152.67,-10.13
2152.67,-9.38
2152.67,-8.95
2152.67,-10.24
2152.67,-8.84
2152.67,-9.49
2152.67,-9.81
2152.69,-9.92
2152.69,-8.84
2152.69,-9.59
2152.69,-9.16
2152.69,-8.52
2152.69,-9.16
2152.69,-9.59
2152.69,-9.59
2152.69,-9.92
2152.69,-9.92
2152.7,-9.38
2152.7,-9.81
2152.7,-9.06
2152.7,-8.84
2152.7,-8.95
2152.7,-9.59
2152.7,-10.03
2152.7,-9.81
2152.7,-8.84
2152.7,-9.7
2152.71,-9.38
2152.71,-8.19
2152.71,-8.09
2152.71,-9.59
2152.71,-9.7
2152.71,-9.49
2152.71,-10.24
2152.71,-9.49
2152.71,-7.65
2152.71,-9.59
2152.72,-9.49
2152.73,-9.49
2152.73,-8.73
2152.73,-8.84
2152.73,-10.03
2152.73,-9.92
2152.73,-10.03
2152.73,-8.95
2152.73,-9.49
2152.73,-9.81
2152.74,-7.33
2152.74,-9.38
2152.74,-9.16
2152.74,-9.7
2152.74,-9.27
2152.74,-10.24
2152.74,-7.11
2152.74,-8.84
2152.74,-9.92
2152.74,-9.92
2152.75,-9.92
2152.75,-9.7
2152.75,-10.46
2152.75,-8.3
2152.75,-9.06
2152.75,-8.84
2152.75,-9.92
2152.75,-9.38
2152.75,-9.38
2152.75,-8.3
2152.76,-9.81
2152.76,-9.38
2152.76,-10.13
2152.76,-9.49
2152.76,-9.92
2152.76,-9.7
2152.77,-9.38
2152.77,-7.65
2152.77,-9.92
2152.77,-8.84
2152.78,-10.13
2152.78,-9.06
2152.78,-7.65
2152.78,-9.49
2152.78,-8.95
2152.78,-9.38
2152.78,-9.92
2152.78,-9.92
2152.78,-9.81
2152.78,-8.73
2152.79,-9.38
2152.79,-7.87
2152.79,-9.38
2152.79,-8.73
2152.79,-8.95
2152.79,-9.92
2152.79,-9.81
2152.79,-8.62
2152.79,-9.81
2152.79,-9.06
2152.79,-9.38
2152.8,-9.06
2152.8,-9.38
2152.8,-9.38
2152.8,-9.92
2152.8,-9.81
2152.8,-9.59
2152.81,-10.46
2152.81,-9.16
2152.81,-9.81
2152.81,-9.59
2152.82,-9.59
2152.82,-9.06
2152.82,-9.81
2152.82,-9.59
2152.82,-8.41
2152.82,-8.62
2152.82,-9.92
2152.82,-9.49
2152.82,-10.03
2152.82,-9.81
2152.83,-10.03
2152.83,-9.49
2152.83,-10.03
2152.83,-9.16
2152.83,-8.09
2152.83,-10.56
2152.83,-9.49
2152.83,-9.59
2152.83,-9.81
2152.83,-7.87
2152.84,-10.24
2152.84,-9.49
2152.84,-9.38
2152.84,-9.81
2152.84,-7.11
2152.84,-8.52
2152.84,-9.59
2152.84,-9.59
2152.85,-9.16
2152.85,-9.92
2152.86,-9.27
2152.86,-9.49
2152.86,-10.03
2152.86,-9.92
2152.86,-9.06
2152.86,-8.19
2152.86,-8.52
2152.86,-9.81
2152.86,-10.03
2152.86,-9.16
2152.87,-9.92
2152.87,-10.03
2152.87,-8.52
2152.87,-9.49
2152.87,-9.59
2152.87,-9.49
2152.87,-9.92
2152.87,-7.01
2152.87,-8.95
2152.87,-8.62
2152.88,-9.06
2152.88,-9.49
2152.88,-9.38
2152.88,-8.3
2152.88,-8.95
2152.88,-10.13
2152.89,-9.81
2152.89,-9.38
2152.89,-10.03
2152.89,-9.16
2152.9,-9.38
2152.9,-9.38
2152.9,-9.38
2152.9,-7.76
2152.9,-9.27
2152.9,-9.49
2152.9,-9.16
2152.9,-9.38
2152.9,-9.81
2152.9,-10.24
2152.91,-9.81
2152.91,-10.24
2152.91,-9.16
2152.91,-9.38
2152.91,-9.16
2152.91,-9.38
2152.91,-9.7
2152.91,-9.92
2152.91,-9.38
2152.91,-8.62
2152.92,-9.81
2152.92,-8.95
2152.92,-8.73
2152.92,-8.84
2152.92,-9.38
2152.92,-9.81
2152.92,-9.92
2152.93,-9.49
2152.93,-9.06
2152.93,-9.49
2152.94,-9.81
2152.94,-7.87
2152.94,-8.62
2152.94,-9.49
2152.94,-9.49
2152.94,-9.16
2152.94,-10.03
2152.94,-8.41
2152.94,-8.73
2152.94,-9.59
2152.95,-10.03
2152.95,-7.11
2152.95,-9.16
2152.95,-10.03
2152.95,-10.03
2152.95,-9.38
2152.95,-10.03
2152.95,-8.41
2152.95,-8.19
2152.95,-9.38
2152.96,-8.52
2152.96,-9.92
2152.96,-9.7
2152.96,-7.65
2152.96,-10.56
2152.96,-9.49
2152.96,-9.27
2152.96,-9.16
2152.96,-9.49
2152.97,-10.03
2152.98,-9.49
2152.98,-9.38
2152.98,-9.81
2152.98,-9.16
2152.98,-9.59
2152.98,-9.38
2152.98,-8.52
2152.98,-9.92
2152.98,-10.13
2152.98,-9.59
2152.99,-9.81
2152.99,-8.84
2152.99,-9.59
2152.99,-10.03
2152.99,-9.92
2152.99,-10.35
2152.99,-9.59
2152.99,-8.73
2152.99,-9.81
2152.99,-9.38
2153,-9.38
2153,-9.81
2153,-10.35
2153,-7.11
2153,-9.59
2153,-10.03
2153,-9.49
2153,-9.06
2153,-9.49
2153,-10.03
2153.01,-8.09
2153.01,-9.92
2153.01,-9.7
2153.02,-9.59
2153.02,-9.38
2153.02,-9.49
2153.02,-8.3
2153.02,-8.41
2153.02,-9.16
2153.02,-9.81
2153.03,-9.81
2153.03,-9.59
2153.03,-10.03
2153.03,-10.35
2153.03,-9.59
2153.03,-9.38
2153.03,-10.56
2153.03,-9.81
2153.03,-9.49
2153.03,-10.24
2153.04,-9.49
2153.04,-9.38
2153.04,-9.38
2153.04,-9.49
2153.04,-9.49
2153.04,-7.44
2153.04,-10.03
2153.04,-9.27
2153.04,-9.16
2153.04,-9.59
2153.05,-9.38
2153.05,-9.27
2153.05,-9.59
2153.05,-7.76
2153.05,-8.84
2153.06,-9.16
2153.06,-9.59
2153.06,-9.92
2153.06,-8.09
2153.06,-9.06
2153.07,-8.62
2153.07,-9.81
2153.07,-9.16
2153.07,-9.81
2153.07,-9.92
2153.07,-8.09
2153.07,-9.06
2153.07,-11.75
2153.07,-9.59
2153.07,-9.38
2153.08,-10.03
2153.08,-8.84
2153.08,-8.62
2153.08,-8.84
2153.08,-9.38
2153.08,-8.73
2153.08,-9.81
2153.08,-9.81
2153.08,-9.49
2153.08,-9.59
2153.09,-9.16
2153.09,-10.35
2153.09,-9.49
2153.09,-9.16
2153.09,-10.24
2153.09,-9.92
2153.09,-9.81
2153.1,-9.27
2153.1,-7.55
2153.1,-8.95
2153.11,-9.59
2153.11,-9.92
2153.11,-9.16
2153.11,-9.81
2153.11,-10.03
2153.11,-9.49
2153.11,-8.95
2153.11,-9.59
2153.11,-9.49
2153.11,-8.84
2153.12,-9.92
2153.12,-10.03
2153.12,-9.49
2153.12,-9.59
2153.12,-10.24
2153.12,-9.7
2153.12,-9.81
2153.12,-9.06
2153.12,-9.38
2153.12,-9.81
2153.13,-10.13
2153.13,-9.49
2153.13,-9.7
2153.13,-9.49
2153.13,-8.84
2153.14,-9.92
2153.14,-9.59
2153.14,-9.59
2153.14,-10.03
2153.14,-7.11
2153.15,-8.84
2153.15,-10.13
2153.15,-9.49
2153.15,-9.92
2153.15,-7.44
2153.15,-8.62
2153.15,-9.16
2153.15,-9.59
2153.15,-9.81
2153.15,-8.95
2153.16,-9.38
2153.16,-9.92
2153.16,-9.38
2153.16,-10.13
2153.16,-8.19
2153.16,-9.59
2153.16,-9.16
2153.16,-9.59
2153.16,-9.16
2153.16,-10.03
2153.17,-9.27
2153.17,-9.81
2153.17,-10.35
2153.17,-10.13
2153.17,-9.92
2153.17,-10.03
2153.18,-7.33
2153.18,-8.84
2153.18,-9.27
2153.18,-10.03
2153.19,-7.55
2153.19,-9.38
2153.19,-9.38
2153.19,-10.03
2153.19,-8.84
2153.19,-9.38
2153.19,-9.81
2153.19,-10.24
2153.19,-9.59
2153.19,-8.95
2153.2,-9.81
2153.2,-10.03
2153.2,-10.24
2153.2,-9.49
2153.2,-8.62
2153.2,-9.59
2153.2,-9.59
2153.2,-10.03
2153.2,-9.59
2153.2,-9.81
2153.21,-9.81
2153.21,-9.81
2153.21,-9.38
2153.21,-9.81
2153.21,-7.65
2153.21,-9.38
2153.21,-9.92
2153.21,-9.49
2153.22,-8.09
2153.22,-9.38
2153.23,-9.06
2153.23,-7.65
2153.23,-8.95
2153.23,-10.35
2153.23,-9.38
2153.23,-9.81
2153.23,-9.92
2153.23,-7.87
2153.23,-9.16
2153.23,-10.03
2153.24,-7.44
2153.24,-9.92
2153.24,-9.38
2153.24,-10.03
2153.24,-9.92
2153.24,-9.49
2153.24,-9.92
2153.24,-8.19
2153.24,-7.65
2153.24,-9.16
2153.25,-10.03
2153.25,-9.81
2153.25,-8.95
2153.25,-8.73
2153.25,-9.49
2153.25,-9.92
2153.25,-10.03
2153.25,-9.81
2153.25,-9.49
2153.26,-8.84
2153.26,-9.59
2153.26,-9.27
2153.27,-9.7
2153.27,-8.19
2153.27,-9.59
2153.27,-10.35
2153.27,-9.81
2153.27,-11.21
2153.27,-10.46
2153.27,-9.59
2153.28,-9.59
2153.28,-10.03
2153.28,-8.19
2153.28,-9.27
2153.28,-10.46
2153.28,-10.03
2153.28,-9.92
2153.28,-9.49
2153.28,-8.95
2153.28,-9.49
2153.29,-9.38
2153.29,-8.73
2153.29,-9.81
2153.29,-10.35
2153.29,-9.92
2153.29,-8.84
2153.29,-9.16
2153.29,-8.73
2153.29,-10.13
2153.29,-10.03
2153.3,-9.81
2153.3,-9.81
2153.3,-10.35
2153.3,-9.49
2153.31,-9.27
2153.31,-9.38
2153.31,-9.49
2153.31,-9.92
2153.31,-9.7
2153.31,-8.95
2153.32,-8.41
2153.32,-9.81
2153.32,-10.13
2153.32,-8.73
2153.32,-10.24
2153.32,-9.92
2153.32,-8.84
2153.32,-9.27
2153.32,-9.7
2153.32,-10.35
2153.33,-8.52
2153.33,-8.09
2153.33,-9.49
2153.33,-10.03
2153.33,-10.35
2153.33,-9.38
2153.33,-8.84
2153.33,-8.84
2153.33,-9.81
2153.33,-10.56
2153.34,-7.98
2153.34,-9.27
2153.34,-10.03
2153.34,-9.92
2153.34,-9.92
2153.35,-10.03
2153.35,-7.44
2153.35,-7.98
2153.35,-10.03
2153.35,-9.92
2153.36,-9.92
2153.36,-8.62
2153.36,-9.81
2153.36,-9.59
2153.36,-10.03
2153.36,-10.24
2153.36,-10.46
2153.36,-9.81
2153.36,-9.59
2153.36,-10.03
2153.37,-9.49
2153.37,-8.3
2153.37,-9.59
2153.37,-8.95
2153.37,-9.92
2153.37,-9.92
2153.37,-9.92
2153.37,-9.81
2153.37,-9.16
2153.37,-8.41
2153.38,-10.03
2153.38,-8.19
2153.38,-9.49
2153.39,-9.92
2153.39,-10.35
2153.39,-10.35
2153.39,-7.44
2153.39,-9.92
2153.39,-9.92
2153.39,-10.13
2153.4,-9.81
2153.4,-10.03
2153.4,-10.03
2153.4,-9.06
2153.4,-9.59
2153.4,-10.24
2153.4,-9.92
2153.4,-10.46
2153.4,-8.84
2153.41,-10.13
2153.41,-11.75
2153.41,-10.35
2153.41,-10.24
2153.41,-9.59
2153.41,-9.38
2153.41,-8.52
2153.41,-9.49
2153.41,-9.81
2153.41,-10.46
2153.42,-10.35
2153.42,-10.13
2153.42,-10.24
2153.42,-9.81
2153.42,-9.38
2153.42,-9.59
2153.43,-9.81
2153.43,-10.03
2153.43,-10.03
2153.43,-10.13
2153.44,-10.24
2153.44,-10.35
2153.44,-8.84
2153.44,-9.92
2153.44,-10.56
2153.44,-8.09
2153.44,-9.38
2153.44,-10.03
2153.44,-10.03
2153.45,-10.89
2153.45,-9.59
2153.45,-10.24
2153.45,-9.49
2153.45,-8.95
2153.45,-9.59
2153.45,-9.92
2153.45,-9.92
2153.45,-8.95
2153.45,-9.27
2153.46,-9.59
2153.46,-10.24
2153.46,-9.06
2153.46,-9.59
2153.46,-10.24
2153.46,-10.24
2153.46,-10.03
2153.46,-9.59
2153.46,-9.38
2153.47,-8.95
2153.48,-9.81
2153.48,-10.03
2153.48,-9.92
2153.48,-10.03
2153.48,-8.84
2153.48,-9.7
2153.48,-9.49
2153.48,-10.24
2153.48,-10.13
2153.48,-9.7
2153.49,-7.22
2153.49,-10.56
2153.49,-9.92
2153.49,-10.13
2153.49,-10.03
2153.49,-8.84
2153.49,-8.73
2153.49,-10.56
2153.49,-9.81
2153.49,-9.7
2153.5,-9.59
2153.5,-8.62
2153.5,-9.16
2153.5,-10.03
2153.5,-10.03
2153.5,-9.06
2153.5,-8.95
2153.5,-9.92
2153.5,-10.03
2153.5,-9.81
2153.51,-9.38
2153.51,-8.19
2153.51,-9.38
2153.52,-9.81
2153.52,-9.92
2153.52,-10.03
2153.52,-9.92
2153.52,-8.09
2153.52,-9.16
2153.52,-9.81
2153.53,-9.92
2153.53,-10.03
2153.53,-9.16
2153.53,-9.81
2153.53,-9.92
2153.53,-10.13
2153.53,-10.03
2153.53,-8.62
2153.53,-9.06
2153.53,-9.06
2153.54,-8.52
2153.54,-9.38
2153.54,-9.92
2153.54,-8.41
2153.54,-8.41
2153.54,-10.46
2153.54,-9.49
2153.54,-9.81
2153.54,-9.92
2153.54,-8.84
2153.55,-9.81
2153.55,-9.92
2153.55,-9.59
2153.55,-10.35
2153.56,-9.49
2153.56,-7.65
2153.56,-9.59
2153.56,-9.81
2153.56,-10.24
2153.56,-9.16
2153.57,-9.49
2153.57,-7.65
2153.57,-10.13
2153.57,-10.56
2153.57,-9.81
2153.57,-10.46
2153.57,-10.03
2153.57,-9.81
2153.57,-9.49
2153.57,-9.27
2153.58,-8.95
2153.58,-10.03
2153.58,-10.13
2153.58,-8.73
2153.58,-9.81
2153.58,-10.24
2153.58,-7.76
2153.58,-9.16
2153.58,-9.59
2153.59,-9.49
2153.59,-9.81
2153.59,-7.76
2153.59,-10.46
2153.59,-10.03
2153.59,-9.92
2153.59,-8.62
2153.6,-9.92
2153.6,-9.59
2153.6,-10.03
2153.61,-8.95
2153.61,-9.49
2153.61,-8.95
2153.61,-10.03
2153.61,-9.59
2153.61,-9.06
2153.61,-9.92
2153.61,-9.92
2153.61,-9.92
2153.61,-9.81
2153.62,-10.13
2153.62,-9.7
2153.62,-10.03
2153.62,-9.81
2153.62,-9.49
2153.62,-10.78
2153.62,-7.87
2153.62,-9.81
2153.62,-10.35
2153.62,-10.13
2153.63,-10.24
2153.63,-10.24
2153.63,-9.81
2153.63,-8.41
2153.63,-9.38
2153.64,-9.81
2153.64,-9.7
2153.64,-8.3
2153.64,-10.13
2153.64,-9.49
2153.65,-9.92
2153.65,-8.09
2153.65,-8.95
2153.65,-9.81
2153.65,-9.92
2153.65,-10.89
2153.65,-9.92
2153.65,-9.81
2153.65,-8.73
2153.65,-9.38
2153.66,-10.35
2153.66,-8.19
2153.66,-9.06
2153.66,-10.03
2153.66,-10.46
2153.66,-8.52
2153.66,-8.84
2153.66,-10.03
2153.66,-9.81
2153.66,-9.59
2153.67,-9.38
2153.67,-10.24
2153.67,-9.92
2153.67,-8.84
2153.67,-8.62
2153.67,-10.03
2153.68,-9.06
2153.68,-9.27
2153.68,-10.03
2153.68,-10.13
2153.69,-10.03
2153.69,-8.84
2153.69,-9.92
2153.69,-9.49
2153.69,-10.03
2153.69,-9.27
2153.69,-9.81
2153.69,-9.16
2153.69,-7.87
2153.69,-10.56
2153.7,-9.81
2153.7,-9.27
2153.7,-9.81
2153.7,-9.81
2153.7,-10.24
2153.7,-7.22
2153.7,-8.09
2153.7,-8.84
2153.7,-10.24
2153.7,-10.24
2153.71,-8.73
2153.71,-10.03
2153.71,-9.59
2153.71,-10.13
2153.71,-9.81
2153.71,-10.03
2153.71,-10.03
2153.71,-8.41
2153.72,-10.56
2153.73,-10.03
2153.73,-9.59
2153.73,-10.35
2153.73,-10.35
2153.73,-9.59
2153.73,-9.38
2153.73,-9.59
2153.73,-9.49
2153.73,-9.59
2153.73,-10.13
2153.74,-10.03
2153.74,-9.92
2153.74,-8.62
2153.74,-9.27
2153.74,-8.73
2153.74,-10.24
2153.74,-10.13
2153.74,-8.52
2153.74,-10.24
2153.74,-9.81
2153.75,-10.03
2153.75,-9.38
2153.75,-10.24
2153.75,-9.16
2153.75,-9.49
2153.75,-10.03
2153.75,-10.56
2153.75,-9.92
2153.75,-10.13
2153.75,-9.59
2153.76,-8.95
2153.76,-10.03
2153.76,-10.13
2153.77,-9.92
2153.77,-8.41
2153.77,-9.49
2153.77,-9.59
2153.77,-10.03
2153.77,-10.56
2153.78,-9.81
2153.78,-10.03
2153.78,-9.7
2153.78,-9.92
2153.78,-9.49
2153.78,-9.92
2153.78,-10.03
2153.78,-9.06
2153.78,-8.73
2153.78,-9.16
2153.79,-10.13
2153.79,-9.59
2153.79,-10.46
2153.79,-9.16
2153.79,-9.92
2153.79,-10.24
2153.79,-10.24
2153.79,-10.13
2153.79,-8.84
2153.79,-9.27
2153.8,-9.59
2153.8,-7.55
2153.8,-9.92
2153.8,-9.38
2153.8,-8.73
2153.8,-8.52
2153.81,-9.38
2153.81,-10.46
2153.81,-9.38
2153.81,-8.73
2153.82,-10.35
2153.82,-9.59
2153.82,-10.46
2153.82,-9.81
2153.82,-8.84
2153.82,-9.06
2153.82,-9.81
2153.82,-9.81
2153.82,-9.92
2153.82,-8.41
2153.83,-8.73
2153.83,-9.81
2153.83,-9.59
2153.83,-9.59
2153.83,-10.35
2153.83,-8.09
2153.83,-7.11
2153.83,-7.76
2153.83,-9.81
2153.83,-9.92
2153.84,-9.59
2153.84,-12.29
2153.84,-10.35
2153.84,-10.24
2153.84,-10.03
2153.84,-9.59
2153.84,-8.3
2153.84,-10.03
2153.85,-9.06
2153.85,-7.87
2153.86,-10.13
2153.86,-9.59
2153.86,-10.03
2153.86,-8.52
2153.86,-8.19
2153.86,-8.73
2153.86,-9.81
2153.86,-10.03
2153.86,-10.03
2153.86,-9.38
2153.87,-9.59
2153.87,-9.92
2153.87,-9.92
2153.87,-9.59
2153.87,-10.35
2153.87,-9.92
2153.87,-10.03
2153.87,-9.06
2153.87,-9.7
2153.87,-10.13
2153.88,-9.92
2153.88,-10.46
2153.88,-10.46
2153.88,-8.73
2153.88,-8.84
2153.88,-10.03
2153.89,-10.24
2153.89,-9.49
2153.89,-9.92
2153.9,-9.92
2153.9,-9.81
2153.9,-10.03
2153.9,-10.03
2153.9,-10.78
2153.9,-9.06
2153.9,-8.62
2153.9,-8.52
2153.9,-9.49
2153.9,-9.16
2153.91,-10.03
2153.91,-7.98
2153.91,-9.92
2153.91,-9.81
2153.91,-10.24
2153.91,-9.59
2153.91,-9.81
2153.91,-10.03
2153.91,-7.76
2153.91,-8.52
2153.92,-9.06
2153.92,-9.59
2153.92,-9.49
2153.92,-10.03
2153.92,-9.81
2153.92,-10.35
2153.92,-9.27
2153.92,-9.81
2153.93,-10.24
2153.93,-10.03
2153.94,-9.27
2153.94,-10.24
2153.94,-10.24
2153.94,-10.56
2153.94,-10.03
2153.94,-8.84
2153.94,-10.24
2153.94,-9.92
2153.94,-9.27
2153.94,-10.56
2153.95,-8.19
2153.95,-9.59
2153.95,-9.59
2153.95,-10.03
2153.95,-10.24
2153.95,-7.76
2153.95,-9.49
2153.95,-9.92
2153.95,-10.03
2153.95,-9.38
2153.96,-10.24
2153.96,-10.24
2153.96,-10.35
2153.96,-10.46
2153.96,-10.35
2153.96,-10.03
2153.96,-10.13
2153.96,-10.24
2153.96,-10.03
2153.98,-10.03
2153.98,-10.56
2153.98,-10.13
2153.98,-8.95
2153.98,-10.13
2153.98,-10.03
2153.98,-9.59
2153.98,-9.81
2153.98,-10.56
2153.98,-9.92
2153.99,-8.84
2153.99,-9.92
2153.99,-10.46
2153.99,-10.24
2153.99,-9.49
2153.99,-10.24
2153.99,-8.73
2153.99,-10.03
2153.99,-10.03
2154,-10.13
2154,-10.24
2154,-9.7
2154,-9.49
2154,-8.73
2154,-8.52
2154,-9.16
2154,-9.92
2154,-10.13
2154,-10.24
2154.01,-8.52
2154.01,-9.81
2154.01,-8.95
2154.01,-9.59
2154.01,-10.13
2154.01,-10.03
2154.02,-7.65
2154.02,-8.19
2154.02,-9.06
2154.02,-9.59
2154.03,-10.03
2154.03,-9.49
2154.03,-8.19
2154.03,-8.73
2154.03,-9.38
2154.03,-9.59
2154.03,-10.03
2154.03,-10.24
2154.03,-8.73
2154.03,-10.56
2154.04,-10.24
2154.04,-10.13
2154.04,-10.24
2154.04,-9.92
2154.04,-9.27
2154.04,-9.92
2154.04,-7.44
2154.04,-10.56
2154.04,-10.35
2154.04,-9.06
2154.05,-9.59
2154.05,-9.81
2154.05,-8.3
2154.05,-9.81
2154.05,-9.92
2154.05,-8.84
2154.05,-10.03
2154.05,-9.27
2154.06,-8.84
2154.06,-8.95
2154.07,-10.35
2154.07,-9.38
2154.07,-7.65
2154.07,-10.24
2154.07,-10.03
2154.07,-9.59
2154.07,-9.92
2154.07,-9.81
2154.07,-9.81
2154.07,-9.7
2154.08,-9.92
2154.08,-10.24
2154.08,-9.49
2154.08,-9.49
2154.08,-9.92
2154.08,-10.13
2154.08,-9.81
2154.08,-9.49
2154.08,-9.59
2154.08,-9.49
2154.09,-9.49
2154.09,-10.03
2154.09,-9.7
2154.09,-10.03
2154.09,-10.03
2154.09,-10.13
2154.09,-9.16
2154.09,-9.59
2154.09,-9.49
2154.11,-10.24
2154.11,-9.92
2154.11,-9.7
2154.11,-9.81
2154.11,-10.24
2154.11,-9.49
2154.11,-9.27
2154.11,-9.49
2154.11,-10.56
2154.11,-10.56
2154.12,-8.52
2154.12,-10.03
2154.12,-10.03
2154.12,-7.76
2154.12,-9.16
2154.12,-10.35
2154.12,-10.03
2154.12,-10.46
2154.12,-8.95
2154.12,-9.81
2154.13,-10.03
2154.13,-10.03
2154.13,-10.56
2154.13,-9.7
2154.13,-9.06
2154.13,-9.81
2154.13,-9.38
2154.13,-10.35
2154.13,-10.13
2154.14,-9.81
2154.15,-9.92
2154.15,-9.38
2154.15,-9.81
2154.15,-10.13
2154.15,-8.19
2154.15,-10.03
2154.15,-9.38
2154.15,-10.24
2154.15,-9.81
2154.15,-10.03
2154.16,-10.35
2154.16,-7.55
2154.16,-9.7
2154.16,-9.92
2154.16,-9.81
2154.16,-9.81
2154.16,-7.87
2154.16,-10.35
2154.16,-10.35
2154.17,-10.13
2154.17,-10.03
2154.17,-9.49
2154.17,-9.92
2154.17,-9.81
2154.17,-9.59
2154.17,-9.59
2154.17,-10.13
2154.17,-10.24
2154.17,-10.24
2154.18,-9.59
2154.19,-9.81
2154.19,-9.59
2154.19,-10.67
2154.19,-9.59
2154.19,-9.92
2154.19,-10.03
2154.19,-8.84
2154.19,-8.62
2154.19,-9.92
2154.2,-10.03
2154.2,-9.92
2154.2,-9.59
2154.2,-10.03
2154.2,-9.38
2154.2,-8.62
2154.2,-9.38
2154.2,-9.59
2154.2,-9.7
2154.2,-9.92
2154.21,-9.81
2154.21,-10.56
2154.21,-9.49
2154.21,-8.41
2154.21,-9.59
2154.21,-9.06
2154.21,-9.59
2154.21,-10.03
2154.21,-9.92
2154.21,-10.56
2154.22,-9.16
2154.22,-10.03
2154.23,-9.81
2154.23,-10.24
2154.23,-9.59
2154.23,-8.95
2154.23,-10.03
2154.23,-9.92
2154.23,-10.13
2154.23,-9.59
2154.24,-10.24
2154.24,-10.03
2154.24,-8.19
2154.24,-8.95
2154.24,-8.19
2154.24,-9.92
2154.24,-9.27
2154.24,-10.13
2154.24,-7.76
2154.24,-8.19
2154.25,-9.59
2154.25,-9.59
2154.25,-10.03
2154.25,-9.27
2154.25,-8.52
2154.25,-9.59
2154.25,-10.35
2154.25,-9.81
2154.25,-7.76
2154.25,-8.84
2154.26,-10.24
2154.26,-9.7
2154.26,-10.35
2154.26,-7.33
2154.26,-9.16
2154.26,-9.59
2154.26,-10.46
2154.27,-10.03
2154.27,-9.16
2154.28,-9.59
2154.28,-9.59
2154.28,-10.35
2154.28,-10.24
2154.28,-9.81
2154.28,-10.03
2154.28,-9.16
2154.28,-8.73
2154.28,-10.35
2154.28,-9.81
2154.29,-10.13
2154.29,-9.38
2154.29,-10.24
2154.29,-9.27
2154.29,-9.16
2154.29,-8.84
2154.29,-10.03
2154.29,-9.59
2154.29,-9.59
2154.29,-9.38
2154.3,-10.03
2154.3,-10.13
2154.3,-9.38
2154.3,-9.81
2154.3,-10.46
2154.3,-10.24
2154.3,-9.92
2154.3,-9.92
2154.3,-10.24
2154.3,-7.76
2154.32,-10.13
2154.32,-10.13
2154.32,-9.59
2154.32,-9.92
2154.32,-9.81
2154.32,-9.81
2154.32,-8.95
2154.32,-9.27
2154.32,-9.06
2154.32,-10.03
2154.33,-9.81
2154.33,-10.46
2154.33,-9.81
2154.33,-10.13
2154.33,-10.03
2154.33,-9.49
2154.33,-10.03
2154.33,-9.92
2154.33,-9.81
2154.34,-9.59
2154.34,-10.13
2154.34,-10.13
2154.34,-8.19
2154.34,-7.87
2154.34,-9.38
2154.34,-9.81
2154.34,-9.92
2154.34,-9.38
2154.34,-9.59
2154.36,-8.84
2154.36,-9.92
2154.36,-10.24
2154.36,-10.46
2154.36,-9.92
2154.36,-9.16
2154.36,-8.09
2154.36,-10.03
2154.36,-9.81
2154.36,-10.24
2154.37,-9.59
2154.37,-9.92
2154.37,-10.03
2154.37,-7.65
2154.37,-10.24
2154.37,-9.81
2154.37,-9.92
2154.37,-10.24
2154.37,-10.03
2154.37,-9.49
2154.38,-10.03
2154.38,-10.46
2154.38,-10.03
2154.38,-8.84
2154.38,-9.38
2154.38,-10.35
2154.38,-9.92
2154.38,-9.7
2154.38,-10.24
2154.38,-9.16
2154.4,-8.73
2154.4,-9.38
2154.4,-10.13
2154.4,-9.59
2154.4,-10.03
2154.4,-10.03
2154.4,-8.09
2154.4,-9.16
2154.4,-10.13
2154.4,-9.59
2154.41,-10.24
2154.41,-9.7
2154.41,-9.92
2154.41,-9.92
2154.41,-10.03
2154.41,-8.09
2154.41,-10.03
2154.41,-10.03
2154.41,-10.46
2154.42,-10.46
2154.42,-9.16
2154.42,-9.59
2154.42,-9.59
2154.42,-9.38
2154.42,-9.92
2154.42,-9.81
2154.42,-9.59
2154.42,-9.49
2154.42,-9.59
2154.43,-8.52
2154.43,-8.95
2154.43,-9.49
2154.44,-8.84
2154.44,-9.92
2154.44,-10.03
2154.44,-7.87
2154.44,-8.84
2154.44,-9.49
2154.44,-10.13
2154.45,-11
2154.45,-9.59
2154.45,-10.03
2154.45,-10.03
2154.45,-7.76
2154.45,-9.16
2154.45,-10.03
2154.45,-10.03
2154.45,-9.81
2154.45,-8.09
2154.46,-10.03
2154.46,-9.27
2154.46,-7.76
2154.46,-9.16
2154.46,-8.73
2154.46,-9.59
2154.46,-10.24
2154.46,-9.7
2154.46,-8.62
2154.46,-8.73
2154.47,-9.59
2154.47,-9.81
2154.47,-10.35
2154.47,-7.11
2154.48,-10.35
2154.48,-9.49
2154.48,-9.92
2154.48,-10.46
2154.48,-9.59
2154.48,-9.92
2154.49,-10.46
2154.49,-9.81
2154.49,-10.35
2154.49,-10.24
2154.49,-10.46
2154.49,-10.03
2154.49,-7.44
2154.49,-7.87
2154.49,-9.49
2154.49,-10.24
2154.5,-10.03
2154.5,-9.81
2154.5,-10.35
2154.5,-7.22
2154.5,-8.09
2154.5,-9.7
2154.5,-10.56
2154.5,-10.35
2154.5,-9.92
2154.51,-8.19
2154.51,-8.3
2154.51,-9.59
2154.51,-10.13
2154.51,-10.46
2154.51,-10.35
2154.51,-9.7
2154.51,-9.92
2154.51,-9.92
2154.51,-9.92
2154.53,-10.13
2154.53,-9.92
2154.53,-10.03
2154.53,-10.46
2154.53,-10.03
2154.53,-9.16
2154.53,-10.24
2154.53,-10.56
2154.53,-8.84
2154.53,-9.92
2154.54,-9.92
2154.54,-10.35
2154.54,-9.7
2154.54,-10.56
2154.54,-10.56
2154.54,-8.52
2154.54,-9.81
2154.54,-10.03
2154.54,-10.46
2154.55,-10.24
2154.55,-9.92
2154.55,-8.95
2154.55,-10.35
2154.55,-9.81
2154.55,-9.59
2154.55,-10.13
2154.55,-10.46
2154.55,-10.35
2154.55,-9.92
2154.57,-9.92
2154.57,-9.92
2154.57,-10.03
2154.57,-10.13
2154.57,-10.35
2154.57,-9.81
2154.57,-10.35
2154.57,-10.35
2154.57,-10.46
2154.57,-8.41
2154.58,-9.38
2154.58,-9.27
2154.58,-9.92
2154.58,-10.03
2154.58,-10.03
2154.58,-10.24
2154.58,-10.56
2154.58,-10.56
2154.58,-9.7
2154.58,-9.59
2154.59,-10.24
2154.59,-10.24
2154.59,-9.59
2154.59,-10.24
2154.59,-10.56
2154.59,-10.46
2154.59,-12.29
2154.59,-10.24
2154.59,-9.27
2154.6,-10.03
2154.6,-9.92
2154.61,-7.76
2154.61,-10.56
2154.61,-10.03
2154.61,-9.59
2154.61,-10.46
2154.61,-10.03
2154.61,-10.56
2154.61,-9.06
2154.62,-10.56
2154.62,-10.13
2154.62,-9.49
2154.62,-10.35
2154.62,-10.56
2154.62,-10.46
2154.62,-10.35
2154.62,-10.89
2154.62,-9.81
2154.63,-9.92
2154.63,-10.56
2154.63,-10.46
2154.63,-10.35
2154.63,-10.35
2154.63,-9.92
2154.63,-10.03
2154.63,-9.92
2154.63,-10.46
2154.63,-10.24
2154.64,-10.13
2154.64,-10.03
2154.64,-10.03
2154.64,-9.16
2154.64,-9.7
2154.65,-10.03
2154.65,-7.76
2154.65,-10.46
2154.65,-8.52
2154.66,-8.41
2154.66,-9.81
2154.66,-10.13
2154.66,-10.13
2154.66,-8.84
2154.66,-9.06
2154.66,-9.27
2154.66,-10.24
2154.66,-10.03
2154.66,-10.35
2154.67,-9.92
2154.67,-10.35
2154.67,-10.35
2154.67,-9.92
2154.67,-10.24
2154.67,-9.16
2154.67,-8.09
2154.67,-8.73
2154.67,-10.03
2154.67,-10.46
2154.68,-8.09
2154.68,-10.46
2154.68,-10.67
2154.68,-9.92
2154.68,-10.56
2154.68,-9.81
2154.68,-10.35
2154.69,-10.24
2154.69,-9.16
2154.69,-9.49
2154.7,-10.03
2154.7,-9.92
2154.7,-8.95
2154.7,-9.06
2154.7,-9.92
2154.7,-9.92
2154.7,-9.38
2154.7,-10.56
2154.7,-10.35
2154.7,-10.03
2154.71,-8.3
2154.71,-9.81
2154.71,-9.38
2154.71,-10.56
2154.71,-10.03
2154.71,-10.13
2154.71,-8.84
2154.71,-8.73
2154.71,-10.03
2154.72,-10.13
2154.72,-10.56
2154.72,-8.73
2154.72,-10.24
2154.72,-10.13
2154.72,-10.35
2154.72,-10.35
2154.72,-8.09
2154.72,-8.84
2154.72,-9.59
2154.74,-10.56
2154.74,-9.92
2154.74,-8.52
2154.74,-9.06
2154.74,-10.56
2154.74,-10.13
2154.74,-10.35
2154.74,-9.06
2154.74,-10.03
2154.74,-9.92
2154.75,-9.49
2154.75,-10.03
2154.75,-10.46
2154.75,-10.35
2154.75,-10.56
2154.75,-9.59
2154.75,-9.81
2154.75,-9.92
2154.75,-10.03
2154.76,-10.13
2154.76,-8.95
2154.76,-9.81
2154.76,-10.56
2154.76,-10.24
2154.76,-10.24
2154.76,-9.27
2154.76,-10.03
2154.76,-8.52
2154.76,-10.03
2154.77,-8.95
2154.77,-10.03
2154.78,-9.81
2154.78,-10.56
2154.78,-10.13
2154.78,-10.35
2154.78,-10.56
2154.78,-10.24
2154.78,-9.38
2154.78,-9.38
2154.79,-10.46
2154.79,-8.84
2154.79,-10.35
2154.79,-10.46
2154.79,-9.81
2154.79,-10.46
2154.79,-8.73
2154.79,-9.38
2154.79,-9.92
2154.8,-8.41
2154.8,-8.84
2154.8,-10.03
2154.8,-10.35
2154.8,-10.46
2154.8,-10.46
2154.8,-9.38
2154.8,-10.03
2154.8,-10.13
2154.8,-9.59
2154.81,-10.24
2154.81,-9.59
2154.81,-10.35
2154.81,-10.03
2154.81,-10.03
2154.82,-9.92
2154.82,-9.49
2154.82,-10.03
2154.82,-9.92
2154.82,-12.07
2154.83,-9.49
2154.83,-8.09
2154.83,-9.81
2154.83,-10.56
2154.83,-8.95
2154.83,-10.03
2154.83,-9.06
2154.83,-8.73
2154.83,-9.81
2154.83,-9.16
2154.84,-9.81
2154.84,-10.56
2154.84,-9.06
2154.84,-8.95
2154.84,-8.09
2154.84,-9.27
2154.84,-10.56
2154.84,-9.92
2154.84,-10.89
2154.84,-9.92
2154.85,-10.56
2154.85,-9.16
2154.85,-10.13
2154.85,-9.81
2154.85,-10.03
2154.85,-10.56
2154.86,-9.81
2154.86,-10.03
2154.86,-9.49
2154.87,-9.27
2154.87,-9.92
2154.87,-9.81
2154.87,-9.92
2154.87,-10.56
2154.87,-10.13
2154.87,-9.38
2154.87,-10.03
2154.87,-10.35
2154.87,-9.92
2154.88,-9.38
2154.88,-10.56
2154.88,-10.24
2154.88,-10.56
2154.88,-10.46
2154.88,-10.89
2154.88,-9.81
2154.88,-9.81
2154.88,-10.56
2154.88,-10.03
2154.89,-9.92
2154.89,-10.56
2154.89,-10.56
2154.89,-10.35
2154.89,-10.46
2154.89,-9.49
2154.89,-10.03
2154.89,-10.46
2154.89,-10.56
2154.91,-10.13
2154.91,-10.35
2154.91,-10.03
2154.91,-9.59
2154.91,-10.13
2154.91,-9.06
2154.91,-9.92
2154.91,-9.92
2154.91,-10.13
2154.91,-10.13
2154.92,-10.03
2154.92,-10.46
2154.92,-9.92
2154.92,-9.16
2154.92,-10.56
2154.92,-9.7
2154.92,-10.56
2154.92,-10.35
2154.92,-9.81
2154.92,-9.92
2154.93,-10.24
2154.93,-10.56
2154.93,-9.92
2154.93,-8.09
2154.93,-9.38
2154.93,-9.49
2154.93,-9.92
2154.93,-9.81
2154.93,-10.89
2154.94,-10.46
2154.95,-9.49
2154.95,-9.59
2154.95,-8.62
2154.95,-10.46
2154.95,-10.46
2154.95,-9.59
2154.95,-9.59
2154.95,-10.56
2154.95,-9.49
2154.96,-8.95
2154.96,-9.16
2154.96,-9.92
2154.96,-9.49
2154.96,-10.03
2154.96,-9.16
2154.96,-10.56
2154.96,-10.24
2154.96,-10.46
2154.96,-10.13
2154.97,-10.03
2154.97,-10.56
2154.97,-10.24
2154.97,-10.03
2154.97,-9.59
2154.97,-10.03
2154.97,-10.24
2154.97,-9.81
2154.97,-9.81
2154.97,-9.81
2154.98,-9.16
2154.98,-10.46
2154.98,-9.92
2154.99,-10.03
2154.99,-10.13
2154.99,-9.92
2154.99,-8.62
2154.99,-10.46
2154.99,-9.7
2155,-10.46
2155,-10.46
2155,-10.03
2155,-9.92
2155,-10.35
2155,-9.16
2155,-9.92
2155,-9.92
2155,-9.59
2155,-10.35
2155.01,-10.35
2155.01,-10.24
2155.01,-10.24
2155.01,-9.38
2155.01,-8.62
2155.01,-8.19
2155.01,-10.46
2155.01,-8.09
2155.01,-10.03
2155.01,-10.03
2155.02,-9.92
2155.02,-10.03
2155.02,-9.81
2155.02,-10.46
2155.02,-10.13
2155.02,-10.46
2155.03,-9.59
2155.03,-9.59
2155.03,-9.38
2155.03,-9.06
2155.04,-10.24
2155.04,-10.24
2155.04,-9.92
2155.04,-10.03
2155.04,-10.03
2155.04,-10.24
2155.04,-10.13
2155.04,-10.35
2155.04,-10.24
2155.05,-10.13
2155.05,-9.59
2155.05,-10.24
2155.05,-9.16
2155.05,-10.24
2155.05,-10.24
2155.05,-9.81
2155.05,-9.81
2155.05,-8.84
2155.05,-8.62
2155.06,-10.03
2155.06,-10.13
2155.06,-10.46
2155.06,-9.49
2155.06,-9.92
2155.06,-10.56
2155.06,-8.19
2155.06,-10.24
2155.07,-11.1
2155.07,-10.13
2155.07,-9.81
2155.08,-10.03
2155.08,-10.46
2155.08,-9.49
2155.08,-9.59
2155.08,-10.46
2155.08,-9.81
2155.08,-9.81
2155.08,-10.13
2155.09,-10.35
2155.09,-9.81
2155.09,-9.92
2155.09,-10.03
2155.09,-9.92
2155.09,-10.35
2155.09,-9.27
2155.09,-10.24
2155.09,-10.67
2155.09,-9.38
2155.1,-9.27
2155.1,-10.35
2155.1,-10.13
2155.1,-9.59
2155.1,-10.56
2155.1,-10.13
2155.1,-9.06
2155.1,-10.03
2155.1,-10.35
2155.1,-7.33
2155.11,-10.03
2155.11,-10.46
2155.11,-10.46
2155.12,-8.41
2155.12,-10.24
2155.12,-10.24
2155.12,-10.24
2155.12,-10.35
2155.12,-10.03
2155.13,-10.03
2155.13,-9.92
2155.13,-10.13
2155.13,-9.81
2155.13,-10.56
2155.13,-10.13
2155.13,-8.73
2155.13,-10.13
2155.13,-9.38
2155.13,-10.03
2155.14,-10.24
2155.14,-10.03
2155.14,-10.35
2155.14,-10.35
2155.14,-10.46
2155.14,-10.56
2155.14,-7.65
2155.14,-10.03
2155.14,-10.03
2155.15,-10.13
2155.15,-10.24
2155.15,-8.52
2155.16,-10.03
2155.16,-9.92
2155.16,-9.49
2155.16,-10.24
2155.16,-10.46
2155.16,-10.03
2155.16,-7.87
2155.17,-7.87
2155.17,-9.16
2155.17,-9.38
2155.17,-9.49
2155.17,-8.62
2155.17,-10.35
2155.17,-9.81
2155.17,-8.52
2155.17,-10.03
2155.17,-10.13
2155.18,-8.52
2155.18,-9.81
2155.18,-10.78
2155.18,-10.56
2155.18,-10.56
2155.18,-9.92
2155.18,-8.62
2155.18,-9.92
2155.18,-9.16
2155.18,-9.92
2155.19,-10.03
2155.19,-10.24
2155.19,-8.84
2155.19,-9.49
2155.19,-10.56
2155.2,-9.92
2155.2,-10.03
2155.2,-10.35
2155.2,-9.27
2155.21,-8.84
2155.21,-9.59
2155.21,-10.24
2155.21,-9.81
2155.21,-9.92
2155.21,-8.19
2155.21,-7.98
2155.21,-10.03
2155.21,-10.03
2155.21,-11.97
2155.22,-10.46
2155.22,-9.38
2155.22,-9.59
2155.22,-8.84
2155.22,-10.03
2155.22,-10.35
2155.22,-9.92
2155.22,-10.56
2155.22,-8.3
2155.22,-9.81
2155.23,-9.92
2155.23,-8.62
2155.23,-9.16
2155.23,-10.24
2155.23,-10.35
2155.23,-10.24
2155.23,-10.03
2155.23,-9.16
2155.24,-10.56
2155.24,-10.24
2155.25,-10.03
2155.25,-10.56
2155.25,-9.81
2155.25,-10.13
2155.25,-10.56
2155.25,-10.35
2155.25,-10.13
2155.25,-10.46
2155.25,-10.67
2155.26,-9.27
2155.26,-10.03
2155.26,-10.13
2155.26,-7.44
2155.26,-9.49
2155.26,-10.13
2155.26,-9.92
2155.26,-10.35
2155.26,-10.24
2155.26,-10.46
2155.27,-8.73
2155.27,-10.13
2155.27,-10.13
2155.27,-10.56
2155.27,-9.92
2155.27,-10.13
2155.27,-10.56
2155.27,-10.56
2155.27,-10.46
2155.28,-9.49
2155.28,-10.13
2155.28,-9.7
2155.28,-10.46
2155.29,-10.56
2155.29,-8.95
2155.29,-9.49
2155.29,-9.92
2155.29,-10.35
2155.29,-9.92
2155.3,-9.59
2155.3,-10.35
2155.3,-10.35
2155.3,-9.49
2155.3,-9.06
2155.3,-9.92
2155.3,-10.03
2155.3,-9.92
2155.3,-10.56
2155.3,-9.38
2155.31,-10.24
2155.31,-8.95
2155.31,-9.92
2155.31,-9.92
2155.31,-10.03
2155.31,-10.46
2155.31,-10.56
2155.31,-9.38
2155.31,-9.06
2155.31,-10.03
2155.32,-8.52
2155.32,-10.13
2155.32,-10.03
2155.32,-10.56
2155.32,-10.24
2155.33,-8.95
2155.33,-8.73
2155.33,-9.81
2155.33,-10.46
2155.34,-9.16
2155.34,-9.16
2155.34,-10.13
2155.34,-9.27
2155.34,-10.35
2155.34,-10.03
2155.34,-10.35
2155.34,-9.38
2155.34,-10.35
2155.34,-10.03
2155.35,-10.24
2155.35,-10.56
2155.35,-7.65
2155.35,-8.73
2155.35,-8.95
2155.35,-10.24
2155.35,-10.24
2155.35,-9.59
2155.35,-10.13
2155.35,-8.52
2155.36,-10.13
2155.36,-9.92
2155.36,-10.03
2155.36,-9.92
2155.36,-8.95
2155.36,-10.03
2155.36,-10.46
2155.36,-10.78
2155.37,-10.24
2155.38,-9.38
2155.38,-10.56
2155.38,-9.92
2155.38,-9.49
2155.38,-10.24
2155.38,-8.73
2155.38,-9.49
2155.38,-9.81
2155.38,-10.46
2155.38,-10.56
2155.39,-10.13
2155.39,-8.73
2155.39,-9.81
2155.39,-8.84
2155.39,-9.92
2155.39,-9.81
2155.39,-10.24
2155.39,-9.92
2155.39,-9.38
2155.39,-9.59
2155.4,-10.56
2155.4,-10.03
2155.4,-10.35
2155.4,-9.7
2155.4,-10.46
2155.4,-10.56
2155.4,-9.49
2155.41,-10.03
2155.41,-8.84
2155.41,-9.92
2155.42,-10.46
2155.42,-10.03
2155.42,-10.35
2155.42,-9.81
2155.42,-10.03
2155.42,-9.16
2155.42,-9.92
2155.42,-10.56
2155.42,-10.13
2155.43,-10.46
2155.43,-10.56
2155.43,-10.35
2155.43,-8.19
2155.43,-9.59
2155.43,-10.03
2155.43,-10.35
2155.43,-10.13
2155.43,-10.24
2155.43,-9.06
2155.44,-9.92
2155.44,-9.92
2155.44,-12.29
2155.44,-10.35
2155.44,-7.98
2155.44,-9.81
2155.44,-10.13
2155.44,-10.56
2155.44,-10.56
2155.44,-10.46
2155.46,-9.81
2155.46,-10.24
2155.46,-10.35
2155.46,-10.46
2155.46,-10.03
2155.46,-9.81
2155.46,-8.62
2155.46,-9.81
2155.46,-10.24
2155.47,-10.24
2155.47,-10.03
2155.47,-10.24
2155.47,-10.35
2155.47,-10.46
2155.47,-9.81
2155.47,-10.56
2155.47,-10.03
2155.47,-10.03
2155.47,-10.35
2155.48,-10.46
2155.48,-10.03
2155.48,-10.56
2155.48,-9.81
2155.48,-10.03
2155.48,-9.81
2155.48,-9.49
2155.48,-9.59
2155.48,-10.03
2155.49,-10.35
2155.49,-7.65
2155.49,-9.92
2155.5,-10.35
2155.5,-10.03
2155.5,-9.49
2155.5,-10.46
2155.5,-9.81
2155.5,-8.95
2155.5,-9.49
2155.51,-10.35
2155.51,-10.03
2155.51,-7.87
2155.51,-8.62
2155.51,-8.41
2155.51,-9.49
2155.51,-10.03
2155.51,-10.24
2155.51,-10.78
2155.51,-9.49
2155.52,-8.19
2155.52,-9.59
2155.52,-10.24
2155.52,-10.03
2155.52,-10.89
2155.52,-10.46
2155.52,-8.3
2155.52,-8.73
2155.52,-9.38
2155.52,-10.03
2155.53,-10.35
2155.53,-8.09
2155.53,-9.27
2155.53,-10.67
2155.53,-10.24
2155.53,-9.59
2155.53,-10.03
2155.53,-10.24
2155.54,-10.56
2155.55,-9.81
2155.55,-9.92
2155.55,-10.46
2155.55,-9.59
2155.55,-9.92
2155.55,-10.03
2155.55,-9.92
2155.55,-9.92
2155.55,-8.95
2155.55,-10.56
2155.56,-10.13
2155.56,-10.24
2155.56,-10.03
2155.56,-10.46
2155.56,-9.59
2155.56,-9.92
2155.56,-10.13
2155.56,-8.95
2155.56,-10.13
2155.56,-10.46
2155.57,-10.24
2155.57,-8.95
2155.57,-9.49
2155.57,-10.03
2155.57,-10.03
2155.57,-8.3
2155.57,-10.35
2155.57,-10.13
2155.57,-9.81
2155.59,-8.84
2155.59,-10.03
2155.59,-10.24
2155.59,-10.24
2155.59,-9.81
2155.59,-8.95
2155.59,-9.59
2155.59,-10.13
2155.59,-10.35
2155.59,-10.56
2155.6,-10.03
2155.6,-10.24
2155.6,-10.03
2155.6,-9.49
2155.6,-10.13
2155.6,-10.24
2155.6,-10.35
2155.6,-10.56
2155.6,-10.24
2155.6,-10.35
2155.61,-10.56
2155.61,-9.38
2155.61,-10.46
2155.61,-9.06
2155.61,-10.35
2155.61,-10.46
2155.61,-10.56
2155.61,-9.81
2155.61,-10.03
2155.63,-10.24
2155.63,-9.81
2155.63,-10.46
2155.63,-8.3
2155.63,-9.38
2155.63,-10.46
2155.63,-10.24
2155.63,-10.24
2155.63,-10.13
2155.63,-8.09
2155.64,-10.24
2155.64,-10.35
2155.64,-10.35
2155.64,-9.38
2155.64,-10.03
2155.64,-9.92
2155.64,-10.03
2155.64,-10.35
2155.64,-9.92
2155.65,-10.24
2155.65,-10.56
2155.65,-10.56
2155.65,-9.49
2155.65,-10.56
2155.65,-10.24
2155.65,-10.24
2155.65,-10.13
2155.65,-8.84
2155.65,-10.56
2155.66,-10.56
2155.66,-9.92
2155.66,-9.27
2155.67,-10.24
2155.67,-10.46
2155.67,-10.56
2155.67,-8.73
2155.67,-8.84
2155.67,-9.49
2155.67,-10.24
2155.68,-10.35
2155.68,-10.46
2155.68,-8.62
2155.68,-9.92
2155.68,-10.35
2155.68,-9.7
2155.68,-10.56
2155.68,-10.24
2155.68,-9.49
2155.69,-9.81
2155.69,-10.24
2155.69,-10.13
2155.69,-7.98
2155.69,-9.92
2155.69,-10.56
2155.69,-10.24
2155.69,-8.73
2155.69,-10.03
2155.69,-10.35
2155.7,-10.13
2155.7,-10.56
2155.7,-10.46
2155.7,-10.35
2155.7,-8.95
2155.71,-10.56
2155.71,-10.56
2155.71,-10.13
2155.71,-9.81
2155.72,-9.81
2155.72,-8.73
2155.72,-10.13
2155.72,-10.46
2155.72,-10.46
2155.72,-10.35
2155.72,-10.35
2155.72,-9.81
2155.72,-9.81
2155.72,-8.52
2155.73,-9.81
2155.73,-11.1
2155.73,-10.35
2155.73,-9.92
2155.73,-9.81
2155.73,-10.24
2155.73,-8.95
2155.73,-9.16
2155.73,-9.38
2155.73,-10.03
2155.74,-10.35
2155.74,-10.46
2155.74,-10.46
2155.74,-9.92
2155.74,-10.46
2155.74,-8.41
2155.74,-9.16
2155.74,-10.56
2155.75,-10.13
2155.75,-8.09
2155.76,-10.46
2155.76,-10.35
2155.76,-8.19
2155.76,-8.52
2155.76,-10.24
2155.76,-10.35
2155.76,-9.92
2155.76,-7.65
2155.76,-10.13
2155.77,-8.73
2155.77,-9.92
2155.77,-10.46
2155.77,-10.56
2155.77,-10.56
2155.77,-10.56
2155.77,-9.49
2155.77,-10.13
2155.77,-10.24
2155.77,-10.56
2155.78,-10.13
2155.78,-10.24
2155.78,-9.81
2155.78,-8.84
2155.78,-9.92
2155.78,-10.56
2155.78,-10.67
2155.78,-10.03
2155.78,-10.24
2155.79,-10.56
2155.8,-10.56
2155.8,-10.13
2155.8,-8.84
2155.8,-9.49
2155.8,-10.03
2155.8,-10.46
2155.8,-9.92
2155.8,-10.35
2155.8,-10.24
2155.81,-9.16
2155.81,-9.27
2155.81,-10.56
2155.81,-10.35
2155.81,-10.46
2155.81,-10.35
2155.81,-9.92
2155.81,-10.03
2155.81,-10.13
2155.81,-10.46
2155.82,-10.56
2155.82,-10.24
2155.82,-10.56
2155.82,-10.46
2155.82,-5.61
2155.82,-10.03
2155.82,-9.81
2155.82,-10.24
2155.82,-8.73
2155.83,-10.13
2155.83,-10.03
2155.83,-10.46
2155.84,-9.59
2155.84,-10.35
2155.84,-10.46
2155.84,-10.03
2155.84,-9.81
2155.84,-10.35
2155.84,-10.35
2155.85,-10.56
2155.85,-7.44
2155.85,-9.92
2155.85,-9.92
2155.85,-10.89
2155.85,-10.24
2155.85,-8.73
2155.85,-8.52
2155.85,-9.92
2155.85,-9.92
2155.86,-9.92
2155.86,-10.24
2155.86,-10.03
2155.86,-9.7
2155.86,-10.46
2155.86,-10.35
2155.86,-10.56
2155.86,-10.13
2155.86,-10.35
2155.87,-10.46
2155.87,-8.09
2155.87,-9.59
2155.87,-10.56
2155.87,-10.03
2155.87,-10.03
2155.88,-10.13
2155.88,-8.95
2155.88,-7.65
2155.88,-10.03
2155.89,-10.03
2155.89,-9.7
2155.89,-10.03
2155.89,-10.24
2155.89,-10.46
2155.89,-9.92
2155.89,-8.62
2155.89,-9.27
2155.89,-9.59
2155.89,-10.46
2155.9,-10.56
2155.9,-10.35
2155.9,-10.24
2155.9,-9.81
2155.9,-9.27
2155.9,-10.35
2155.9,-10.67
2155.9,-10.35
2155.9,-10.56
2155.91,-9.81
2155.91,-9.49
2155.91,-10.46
2155.91,-10.56
2155.91,-10.46
2155.91,-10.56
2155.91,-10.35
2155.91,-10.35
2155.92,-9.92
2155.92,-10.03
2155.93,-10.03
2155.93,-9.59
2155.93,-10.35
2155.93,-8.52
2155.93,-10.35
2155.93,-10.13
2155.93,-10.24
2155.93,-10.24
2155.93,-9.7
2155.94,-10.03
2155.94,-8.19
2155.94,-9.92
2155.94,-10.46
2155.94,-10.24
2155.94,-10.24
2155.94,-10.13
2155.94,-9.49
2155.94,-10.13
2155.94,-10.35
2155.95,-10.13
2155.95,-10.56
2155.95,-10.46
2155.95,-8.19
2155.95,-10.35
2155.95,-10.24
2155.95,-10.35
2155.95,-9.38
2155.95,-10.24
2155.96,-10.56
2155.97,-9.49
2155.97,-9.92
2155.97,-10.03
2155.97,-10.46
2155.97,-10.24
2155.97,-10.46
2155.97,-7.55
2155.97,-9.49
2155.97,-10.46
2155.98,-9.06
2155.98,-10.24
2155.98,-10.24
2155.98,-10.56
2155.98,-10.89
2155.98,-10.03
2155.98,-10.03
2155.98,-10.24
2155.98,-10.24
2155.98,-9.92
2155.99,-10.56
2155.99,-9.49
2155.99,-9.49
2155.99,-10.35
2155.99,-10.35
2155.99,-10.35
2155.99,-10.46
2155.99,-10.35
2155.99,-8.19
2156,-10.35
2156,-10.03
2156,-10.24
2156.01,-9.59
2156.01,-9.27
2156.01,-9.92
2156.01,-10.03
2156.01,-10.46
2156.01,-10.13
2156.01,-8.84
2156.02,-10.46
2156.02,-10.24
2156.02,-10.46
2156.02,-8.62
2156.02,-8.84
2156.02,-10.56
2156.02,-10.03
2156.02,-10.56
2156.02,-10.56
2156.03,-10.35
2156.03,-10.03
2156.03,-10.24
2156.03,-9.92
2156.03,-10.56
2156.03,-10.13
2156.03,-9.59
2156.03,-10.13
2156.03,-10.56
2156.03,-10.56
2156.04,-10.56
2156.04,-10.13
2156.04,-8.84
2156.04,-10.03
2156.04,-9.92
2156.04,-10.56
2156.05,-10.46
2156.05,-10.35
2156.05,-10.13
2156.06,-10.56
2156.06,-10.35
2156.06,-9.38
2156.06,-10.56
2156.06,-9.92
2156.06,-9.59
2156.06,-10.56
2156.06,-10.46
2156.06,-9.27
2156.06,-10.46
2156.07,-9.59
2156.07,-8.52
2156.07,-10.13
2156.07,-10.46
2156.07,-10.56
2156.07,-9.81
2156.07,-8.3
2156.07,-10.56
2156.07,-8.84
2156.07,-9.81
2156.08,-9.81
2156.08,-10.03
2156.08,-10.46
2156.08,-10.24
2156.08,-9.92
2156.08,-8.19
2156.08,-9.38
2156.08,-9.49
2156.08,-9.38
2156.09,-10.24
2156.09,-8.3
2156.09,-10.13
2156.1,-10.03
2156.1,-10.35
2156.1,-9.16
2156.1,-9.92
2156.1,-10.56
2156.1,-10.46
2156.1,-10.46
2156.11,-10.46
2156.11,-10.13
2156.11,-10.56
2156.11,-10.13
2156.11,-8.84
2156.11,-10.24
2156.11,-10.03
2156.11,-10.35
2156.11,-10.78
2156.11,-10.24
2156.12,-10.35
2156.12,-10.46
2156.12,-10.56
2156.12,-10.46
2156.12,-10.03
2156.12,-10.35
2156.12,-10.56
2156.12,-10.56
2156.12,-10.13
2156.13,-10.13
2156.13,-11.86
2156.14,-7.65
2156.14,-8.95
2156.14,-9.92
2156.14,-10.46
2156.14,-10.46
2156.14,-10.13
2156.14,-9.38
2156.14,-9.38
2156.15,-8.41
2156.15,-10.46
2156.15,-10.24
2156.15,-10.35
2156.15,-10.24
2156.15,-10.46
2156.15,-10.46
2156.15,-8.84
2156.15,-10.24
2156.16,-10.46
2156.16,-10.24
2156.16,-9.81
2156.16,-10.46
2156.16,-10.56
2156.16,-10.46
2156.16,-9.38
2156.16,-10.24
2156.16,-10.24
2156.16,-9.16
2156.17,-10.56
2156.17,-8.41
2156.17,-10.56
2156.17,-7.87
2156.17,-9.38
2156.18,-10.46
2156.18,-10.56
2156.18,-10.56
2156.18,-10.35
2156.19,-10.56
2156.19,-10.35
2156.19,-9.27
2156.19,-10.24
2156.19,-10.56
2156.19,-10.56
2156.19,-10.03
2156.19,-10.56
2156.19,-9.81
2156.19,-10.35
2156.2,-10.46
2156.2,-9.06
2156.2,-10.35
2156.2,-8.62
2156.2,-10.35
2156.2,-10.03
2156.2,-10.35
2156.2,-10.56
2156.2,-9.49
2156.21,-8.3
2156.21,-9.81
2156.21,-10.35
2156.21,-10.24
2156.21,-10.13
2156.21,-10.24
2156.21,-9.27
2156.21,-8.3
2156.22,-10.24
2156.22,-10.56
2156.23,-10.89
2156.23,-10.46
2156.23,-9.06
2156.23,-10.13
2156.23,-10.67
2156.23,-10.35
2156.23,-9.49
2156.23,-9.49
2156.23,-9.92
2156.23,-11.1
2156.24,-11.53
2156.24,-10.46
2156.24,-10.56
2156.24,-10.35
2156.24,-10.24
2156.24,-9.59
2156.24,-10.03
2156.24,-10.35
2156.24,-10.56
2156.25,-10.35
2156.25,-8.52
2156.25,-10.03
2156.25,-10.56
2156.25,-10.24
2156.25,-8.62
2156.25,-8.84
2156.25,-10.03
2156.25,-10.46
2156.25,-9.92
2156.26,-10.13
2156.26,-10.35
2156.26,-9.7
2156.27,-10.78
2156.27,-10.35
2156.27,-8.95
2156.27,-9.81
2156.27,-10.03
2156.27,-9.59
2156.27,-10.13
2156.28,-10.13
2156.28,-10.13
2156.28,-9.38
2156.28,-10.46
2156.28,-10.03
2156.28,-8.52
2156.28,-10.13
2156.28,-11.21
2156.28,-10.24
2156.29,-10.13
2156.29,-10.67
2156.29,-10.13
2156.29,-10.35
2156.29,-10.56
2156.29,-9.49
2156.29,-9.7
2156.29,-10.35
2156.29,-10.24
2156.29,-10.56
2156.3,-10.56
2156.3,-10.46
2156.3,-9.92
2156.3,-10.67
2156.3,-10.56
2156.3,-10.56
2156.31,-9.38
2156.31,-10.03
2156.31,-10.56
2156.32,-9.81
2156.32,-10.56
2156.32,-10.56
2156.32,-8.52
2156.32,-10.03
2156.32,-8.19
2156.32,-10.13
2156.32,-9.7
2156.32,-10.56
2156.32,-10.35
2156.33,-8.84
2156.33,-8.19
2156.33,-9.92
2156.33,-10.24
2156.33,-10.56
2156.33,-9.81
2156.33,-8.84
2156.33,-8.19
2156.33,-8.95
2156.33,-10.46
2156.34,-8.19
2156.34,-10.13
2156.34,-10.56
2156.34,-10.13
2156.34,-10.46
2156.34,-10.24
2156.34,-10.46
2156.34,-10.35
2156.34,-10.46
2156.36,-10.56
2156.36,-10.03
2156.36,-10.46
2156.36,-10.35
2156.36,-9.92
2156.36,-10.35
2156.36,-9.49
2156.36,-9.81
2156.36,-10.13
2156.36,-10.35
2156.37,-10.24
2156.37,-10.03
2156.37,-10.03
2156.37,-10.35
2156.37,-9.92
2156.37,-10.46
2156.37,-9.81
2156.37,-9.59
2156.37,-10.46
2156.38,-10.46
2156.38,-10.24
2156.38,-10.35
2156.38,-10.56
2156.38,-10.56
2156.38,-10.56
2156.38,-10.35
2156.38,-10.56
2156.38,-10.56
2156.39,-8.41
2156.4,-10.24
2156.4,-10.24
2156.4,-9.06
2156.4,-10.24
2156.4,-10.35
2156.4,-10.35
2156.4,-10.56
2156.4,-10.46
2156.4,-9.16
2156.41,-10.56
2156.41,-10.56
2156.41,-9.81
2156.41,-9.81
2156.41,-10.35
2156.41,-10.56
2156.41,-10.56
2156.41,-10.56
2156.41,-10.03
2156.41,-10.24
2156.42,-10.56
2156.42,-10.56
2156.42,-10.56
2156.42,-8.73
2156.42,-10.13
2156.42,-10.03
2156.42,-10.03
2156.42,-10.35
2156.42,-9.81
2156.43,-8.3
2156.43,-10.03
2156.44,-10.56
2156.44,-10.46
2156.44,-10.89
2156.44,-10.56
2156.44,-10.03
2156.44,-10.03
2156.44,-10.35
2156.44,-10.56
2156.45,182.18
2156.45,188
2156.45,188.22
2156.45,188.11
2156.45,182.61
2156.45,156.96
2156.45,158.68
2156.45,157.28
2156.45,116.96
2156.46,1.4
2156.46,-0.54
2156.46,1.51
2156.46,-0.65
2156.46,-4.85
2156.46,-4.1
2156.46,-5.17
2156.46,-6.9
2156.46,-7.65
2156.46,-7.55
2156.47,-6.58
2156.47,-7.11
2156.47,-7.87
2156.47,-8.3
2156.47,-7.65
2156.48,-7.11
2156.48,-7.01
2156.48,-5.61
2156.48,-7.11
2156.48,-7.65
2156.49,-7.11
2156.49,-7.33
2156.49,-6.36
2156.49,-6.36
2156.49,-7.44
2156.49,-7.65
2156.49,-8.52
2156.49,-8.3
2156.49,-7.76
2156.49,-8.3
2156.5,-7.76
2156.5,-8.09
2156.5,-8.52
2156.5,-7.11
2156.5,-8.84
2156.5,-8.62
2156.5,-8.52
2156.5,-8.09
2156.5,-9.38
2156.5,-7.44
2156.51,-8.41
2156.51,-8.52
2156.51,-7.44
2156.51,-7.01
2156.51,-7.22
2156.51,-8.09
2156.51,-8.73
2156.51,-8.41
2156.51,-7.76
2156.51,-8.52
2156.52,-7.33
2156.53,-8.3
2156.53,-8.19
2156.53,-5.82
2156.53,-7.11
2156.53,-8.3
2156.53,-8.73
2156.53,-7.11
2156.53,-6.47
2156.53,-8.3
2156.53,-8.41
2156.54,-7.55
2156.54,-7.87
2156.54,-7.65
2156.54,-7.87
2156.54,-8.19
2156.54,-8.09
2156.54,-6.68
2156.54,-7.55
2156.54,-8.09
2156.54,-7.87
2156.55,-7.76
2156.55,-8.09
2156.55,-7.76
2156.55,-8.19
2156.55,-5.61
2156.55,-6.58
2156.55,-6.58
2156.55,-6.47
2156.55,-8.09
2156.55,-8.3
2156.57,-7.65
2156.57,-7.87
2156.57,-7.55
2156.57,-8.3
2156.57,-7.22
2156.57,-7.76
2156.57,-8.3
2156.57,-8.09
2156.57,-8.19
2156.57,-8.09
2156.58,-7.87
2156.58,-8.09
2156.58,-7.65
2156.58,-8.19
2156.58,-6.04
2156.58,-7.44
2156.58,-7.11
2156.58,-7.44
2156.58,-7.33
2156.58,-8.52
2156.59,-6.79
2156.59,-7.65
2156.59,-8.19
2156.59,-7.65
2156.59,-7.44
2156.59,-7.55
2156.59,-7.11
2156.59,-7.22
2156.59,-7.65
2156.59,-8.19
2156.61,-7.55
2156.61,-7.01
2156.61,-8.19
2156.61,-7.22
2156.61,-7.76
2156.61,-7.55
2156.61,-7.65
2156.61,-7.65
2156.61,-7.01
2156.61,-7.44
2156.61,-7.55
2156.62,-7.11
2156.62,-6.9
2156.62,-7.76
2156.62,-8.95
2156.62,-8.09
2156.62,-7.44
2156.62,-7.44
2156.62,-7.87
2156.62,-7.76
2156.62,-7.55
2156.63,-6.58
2156.63,-6.79
2156.63,-7.44
2156.63,-7.44
2156.63,-7.65
2156.63,-7.22
2156.63,-7.65
2156.63,-5.71
2156.63,-7.11
2156.63,-7.55
2156.65,-7.33
2156.65,-7.33
2156.65,-7.33
2156.65,-6.47
2156.65,-8.84
2156.65,-7.87
2156.65,-8.19
2156.65,-7.33
2156.65,-6.47
2156.65,-7.76
2156.66,-7.87
2156.66,-7.33
2156.66,-7.11
2156.66,-7.76
2156.66,-7.65
2156.66,-8.09
2156.66,-7.22
2156.66,-8.09
2156.66,-8.3
2156.66,-7.11
2156.67,-5.93
2156.67,-7.11
2156.67,-7.87
2156.67,-7.76
2156.67,-7.55
2156.67,-6.14
2156.67,-7.22
2156.67,-7.33
2156.67,-7.44
2156.67,-8.09
2156.68,-7.01
2156.69,-7.55
2156.69,-7.22
2156.69,-7.76
2156.69,-7.44
2156.69,-8.09
2156.69,-7.65
2156.69,-6.58
2156.69,-7.44
2156.69,-7.55
2156.7,-7.44
2156.7,-7.11
2156.7,-7.11
2156.7,-7.11
2156.7,-8.19
2156.7,-7.65
2156.7,-8.09
2156.7,-7.65
2156.7,-7.65
2156.7,-6.47
2156.7,-6.58
2156.71,-8.3
2156.71,-8.3
2156.71,-7.11
2156.71,-7.33
2156.71,-7.44
2156.71,-7.44
2156.71,-7.44
2156.71,-7.11
2156.71,-7.65
2156.71,-6.04
2156.72,-7.65
2156.72,-7.11
2156.73,-7.76
2156.73,-7.44
2156.73,-7.44
2156.73,-7.76
2156.73,-7.76
2156.73,-7.44
2156.73,-3.67
2156.73,-5.39
2156.74,-7.76
2156.74,-7.55
2156.74,-7.44
2156.74,-7.11
2156.74,-7.44
2156.74,-7.65
2156.74,-7.87
2156.74,-8.19
2156.74,-6.25
2156.74,-7.44
2156.75,-8.19
2156.75,-7.22
2156.75,-7.22
2156.75,-7.76
2156.75,-9.06
2156.75,-7.55
2156.75,-7.65
2156.75,-8.62
2156.75,-7.22
2156.75,-6.04
2156.76,-6.68
2156.76,-7.76
2156.76,-7.01
2156.76,-7.65
2156.76,-7.44
2156.76,-7.22
2156.76,-7.22
2156.77,-7.44
2156.77,-7.33
2156.77,-5.71
2156.78,-7.11
2156.78,-7.65
2156.78,-8.09
2156.78,-7.22
2156.78,-8.09
2156.78,-7.87
2156.78,-5.93
2156.78,-7.65
2156.78,-7.22
2156.78,-7.55
2156.79,-7.65
2156.79,-7.87
2156.79,-8.19
2156.79,-7.98
2156.79,-7.11
2156.79,-7.44
2156.79,-7.22
2156.79,-7.33
2156.79,-7.33
2156.79,-7.11
2156.79,-7.22
2156.8,-8.19
2156.8,-7.65
2156.8,-7.98
2156.8,-8.09
2156.8,-7.22
2156.8,-7.76
2156.8,-7.76
2156.8,-8.52
2156.81,-7.76
2156.81,-8.52
2156.82,-7.11
2156.82,-8.09
2156.82,-8.09
2156.82,-7.55
2156.82,-7.76
2156.82,-8.09
2156.82,-7.65
2156.82,-7.44
2156.82,-7.87
2156.82,-7.98
2156.83,-7.98
2156.83,-8.3
2156.83,-8.3
2156.83,-8.62
2156.83,-7.22
2156.83,-7.44
2156.83,-7.65
2156.83,-7.87
2156.83,-7.55
2156.83,-6.58
2156.84,-7.65
2156.84,-7.87
2156.84,-8.52
2156.84,-8.3
2156.84,-6.58
2156.84,-8.62
2156.84,-8.3
2156.84,-7.76
2156.84,-8.95
2156.85,-8.19
2156.86,-7.44
2156.86,-8.84
2156.86,-7.55
2156.86,-7.87
2156.86,-8.19
2156.86,-7.11
2156.86,-8.09
2156.86,-7.65
2156.86,-7.65
2156.86,-7.87
2156.87,-8.09
2156.87,-7.65
2156.87,-8.09
2156.87,-8.09
2156.87,-8.52
2156.87,-6.79
2156.87,-7.11
2156.87,-7.44
2156.87,-7.98
2156.87,-7.87
2156.88,-7.11
2156.88,-8.19
2156.88,-7.11
2156.88,-9.06
2156.88,-7.33
2156.88,-7.22
2156.88,-7.76
2156.88,-7.87
2156.89,-7.76
2156.89,-7.98
2156.89,-8.19
2156.9,-7.33
2156.9,-7.11
2156.9,-7.55
2156.9,-7.65
2156.9,-8.73
2156.9,-7.44
2156.9,-8.52
2156.9,-7.65
2156.9,-7.55
2156.9,-7.87
2156.91,-7.87
2156.91,-7.55
2156.91,-8.09
2156.91,-7.87
2156.91,-7.22
2156.91,-8.09
2156.91,-7.44
2156.91,-8.09
2156.91,-7.11
2156.91,-8.09
2156.92,-7.98
2156.92,-7.44
2156.92,-7.11
2156.92,-8.09
2156.92,-8.52
2156.92,-7.44
2156.92,-7.44
2156.92,-7.55
2156.93,-7.76
2156.93,-8.19
2156.94,-7.65
2156.94,-7.33
2156.94,-8.3
2156.94,-8.95
2156.94,-8.19
2156.94,-7.44
2156.94,-7.87
2156.94,-7.11
2156.94,-8.3
2156.94,-7.87
2156.95,-8.09
2156.95,-8.3
2156.95,-8.62
2156.95,-7.11
2156.95,-8.19
2156.95,-7.22
2156.95,-8.84
2156.95,-7.33
2156.95,-8.19
2156.95,-7.44
2156.96,-7.44
2156.96,-8.09
2156.96,-7.11
2156.96,-6.68
2156.96,-8.73
2156.96,-7.76
2156.96,-8.41
2156.96,-7.87
2156.96,-8.41
2156.96,-7.33
2156.98,-8.3
2156.98,-8.73
2156.98,-8.19
2156.98,-7.76
2156.98,-7.65
2156.98,-7.98
2156.98,-7.76
2156.98,-8.41
2156.98,-7.22
2156.98,-8.3
2156.98,-8.41
2156.99,-7.55
2156.99,-8.3
2156.99,-8.09
2156.99,-7.98
2156.99,-7.55
2156.99,-7.87
2156.99,-8.3
2156.99,-7.01
2156.99,-7.87
2156.99,-8.52
2157,-7.98
2157,-8.52
2157,-7.11
2157,-8.62
2157,-7.33
2157,-6.58
2157,-8.52
2157,-7.55
2157,-7.33
2157,-6.79
2157.01,-7.55
2157.01,-7.76
2157.01,-8.52
2157.02,-8.41
2157.02,-7.87
2157.02,-8.19
2157.02,-8.3
2157.02,-7.22
2157.02,-7.44
2157.02,-8.3
2157.03,-7.65
2157.03,-8.41
2157.03,-8.52
2157.03,-8.19
2157.03,-8.09
2157.03,-8.19
2157.03,-6.68
2157.03,-7.87
2157.03,-8.41
2157.03,-7.87
2157.04,-6.79
2157.04,-7.33
2157.04,-7.98
2157.04,-7.22
2157.04,-7.76
2157.04,-7.98
2157.04,-7.65
2157.04,-8.19
2157.04,-7.44
2157.04,-7.55
2157.05,-8.95
2157.05,-8.41
2157.05,-7.44
2157.05,-7.65
2157.05,-8.19
2157.06,-8.09
2157.06,-7.44
2157.06,-7.87
2157.06,-8.73
2157.06,-8.95
2157.07,-8.62
2157.07,-8.41
2157.07,-7.76
2157.07,-8.3
2157.07,-8.19
2157.07,-7.11
2157.07,-9.49
2157.07,-8.09
2157.07,-8.09
2157.07,-7.44
2157.07,-8.73
2157.08,-7.65
2157.08,-8.09
2157.08,-8.3
2157.08,-5.61
2157.08,-7.87
2157.08,-8.19
2157.08,-8.3
2157.08,-8.09
2157.08,-7.65
2157.08,-8.3
2157.09,-8.19
2157.09,-7.76
2157.09,-7.65
2157.09,-7.76
2157.09,-8.09
2157.09,-6.58
2157.1,-7.01
2157.1,-7.65
2157.1,-7.87
2157.1,-7.87
2157.11,-7.22
2157.11,-8.95
2157.11,-7.11
2157.11,-8.19
2157.11,-8.41
2157.11,-7.11
2157.11,-7.65
2157.11,-8.09
2157.11,-8.3
2157.11,-7.44
2157.12,-7.55
2157.12,-7.76
2157.12,-8.3
2157.12,-8.41
2157.12,-8.41
2157.12,-8.19
2157.12,-8.19
2157.12,-8.09
2157.12,-7.11
2157.12,-7.22
2157.13,-8.52
2157.13,-6.14
2157.13,-8.09
2157.13,-8.09
2157.14,-7.65
2157.14,-8.62
2157.14,-7.87
2157.14,-7.44
2157.14,-7.76
2157.14,-8.3
2157.15,-8.73
2157.15,-7.33
2157.15,-7.33
2157.15,-8.62
2157.15,-7.33
2157.15,-8.09
2157.15,-8.3
2157.15,-7.65
2157.15,-8.19
2157.15,-7.65
2157.16,-7.76
2157.16,-7.55
2157.16,-7.11
2157.16,-7.98
2157.16,-8.19
2157.16,-8.84
2157.16,-7.44
2157.16,-6.9
2157.16,-8.3
2157.16,-8.19
2157.16,-8.19
2157.17,-7.87
2157.17,-6.47
2157.17,-8.3
2157.17,-8.3
2157.17,-8.84
2157.18,-7.11
2157.18,-6.36
2157.18,-7.33
2157.18,-8.19
2157.18,-8.09
2157.19,-8.09
2157.19,-7.87
2157.19,-7.01
2157.19,-7.87
2157.19,-8.3
2157.19,-8.09
2157.19,-8.3
2157.19,-7.11
2157.19,-7.87
2157.19,-7.87
2157.2,-8.52
2157.2,-7.87
2157.2,-7.11
2157.2,-7.65
2157.2,-8.3
2157.2,-8.19
2157.2,-8.09
2157.2,-8.19
2157.2,-7.11
2157.2,-8.3
2157.21,-7.87
2157.21,-8.62
2157.21,-8.3
2157.21,-8.19
2157.21,-7.87
2157.21,-7.98
2157.21,-6.36
2157.22,-6.25
2157.22,-8.09
2157.22,-8.09
2157.23,-8.19
2157.23,-7.76
2157.23,-7.98
2157.23,-7.22
2157.23,-6.79
2157.23,-7.65
2157.23,-8.52
2157.23,-8.09
2157.23,-7.87
2157.23,-8.09
2157.24,-8.09
2157.24,-7.87
2157.24,-7.87
2157.24,-7.44
2157.24,-7.98
2157.24,-8.19
2157.24,-8.09
2157.24,-8.19
2157.24,-7.11
2157.24,-8.62
2157.25,-8.19
2157.25,-8.19
2157.25,-5.82
2157.25,-8.3
2157.25,-7.22
2157.25,-7.98
2157.25,-7.98
2157.25,-8.19
2157.26,-8.52
2157.26,-5.61
2157.26,-6.9
2157.27,-8.52
2157.27,-7.65
2157.27,-7.11
2157.27,-7.33
2157.27,-8.09
2157.27,-7.98
2157.27,-8.19
2157.27,-8.3
2157.27,-7.87
2157.27,-8.3
2157.28,-8.62
2157.28,-8.3
2157.28,-7.11
2157.28,-7.76
2157.28,-7.76
2157.28,-8.09
2157.28,-7.65
2157.28,-8.62
2157.28,-8.19
2157.28,-6.68
2157.29,-8.09
2157.29,-8.19
2157.29,-7.44
2157.29,-7.87
2157.29,-6.58
2157.29,-8.09
2157.29,-6.04
2157.29,-7.11
2157.29,-7.01
2157.3,-7.87
2157.3,-6.79
2157.3,-7.55
2157.31,-8.09
2157.31,-8.84
2157.31,-9.06
2157.31,-8.41
2157.31,-8.52
2157.31,-6.79
2157.31,-7.01
2157.31,-7.65
2157.32,-8.52
2157.32,-7.65
2157.32,-8.52
2157.32,-8.3
2157.32,-7.76
2157.32,-7.11
2157.32,-8.3
2157.32,-6.79
2157.32,-7.65
2157.32,-7.65
2157.33,-7.87
2157.33,-7.87
2157.33,-7.55
2157.33,-7.65
2157.33,-8.09
2157.33,-8.19
2157.33,-7.87
2157.33,-7.76
2157.33,-8.09
2157.33,-7.22
2157.34,-7.44
2157.34,-8.09
2157.34,-8.3
2157.35,-8.19
2157.35,-7.87
2157.35,-6.36
2157.35,-7.65
2157.35,-8.62
2157.35,-8.3
2157.35,-7.76
2157.35,-7.65
2157.36,-8.19
2157.36,-7.22
2157.36,-8.41
2157.36,-7.76
2157.36,-8.19
2157.36,-8.3
2157.36,-8.19
2157.36,-8.09
2157.36,-8.52
2157.36,-8.19
2157.37,-8.3
2157.37,-8.52
2157.37,-8.52
2157.37,-7.76
2157.37,-8.19
2157.37,-7.22
2157.37,-7.11
2157.37,-6.79
2157.37,-8.09
2157.37,-8.19
2157.38,-8.3
2157.39,-7.11
2157.39,-8.3
2157.39,-8.73
2157.39,-8.52
2157.39,-8.09
2157.39,-6.36
2157.39,-8.19
2157.39,-8.3
2157.39,-8.62
2157.4,-8.41
2157.4,-7.22
2157.4,-7.87
2157.4,-8.3
2157.4,-8.52
2157.4,-7.76
2157.4,-7.11
2157.4,-7.65
2157.4,-8.41
2157.4,-8.09
2157.41,-8.52
2157.41,-8.52
2157.41,-8.3
2157.41,-7.98
2157.41,-8.3
2157.41,-7.33
2157.41,-7.87
2157.41,-7.11
2157.41,-8.19
2157.41,-7.87
2157.42,-7.65
2157.42,-8.41
2157.42,-8.52
2157.43,-8.19
2157.43,-6.58
2157.43,-8.84
2157.43,-8.62
2157.43,-7.87
2157.43,-8.41
2157.43,-5.82
2157.44,-7.22
2157.44,-7.87
2157.44,-8.52
2157.44,-8.3
2157.44,-8.09
2157.44,-7.22
2157.44,-8.19
2157.44,-8.52
2157.44,-8.52
2157.44,-7.11
2157.44,-8.41
2157.45,-7.11
2157.45,-8.19
2157.45,-8.73
2157.45,-8.3
2157.45,-8.73
2157.45,-8.19
2157.45,-5.71
2157.45,-8.3
2157.45,-8.41
2157.45,-8.52
2157.46,-8.62
2157.46,-8.52
2157.46,-8.73
2157.47,-7.87
2157.47,-7.87
2157.47,-9.06
2157.47,-7.76
2157.47,-7.87
2157.47,-8.19
2157.47,-7.11
2157.48,-8.3
2157.48,-8.62
2157.48,-8.62
2157.48,-7.11
2157.48,-6.9
2157.48,-7.98
2157.48,-8.73
2157.48,-8.52
2157.48,-9.06
2157.48,-6.36
2157.49,-8.84
2157.49,-8.62
2157.49,-8.52
2157.49,-7.11
2157.49,-7.11
2157.49,-7.44
2157.49,-7.11
2157.49,-8.3
2157.49,-7.76
2157.49,-8.19
2157.5,-8.19
2157.5,-8.3
2157.5,-8.73
2157.5,-7.98
2157.5,-9.27
2157.51,-8.52
2157.51,-8.52
2157.51,-7.87
2157.51,-8.52
2157.51,-7.11
2157.52,-8.62
2157.52,-7.76
2157.52,-9.49
2157.52,-8.19
2157.52,-6.47
2157.52,-8.09
2157.52,-8.3
2157.52,-8.19
2157.52,-7.55
2157.52,-8.73
2157.53,-8.09
2157.53,-8.41
2157.53,-8.62
2157.53,-7.11
2157.53,-8.3
2157.53,-8.19
2157.53,-8.3
2157.53,-7.44
2157.53,-8.73
2157.53,-8.95
2157.53,-8.09
2157.54,-8.3
2157.54,-8.73
2157.54,-8.84
2157.54,-8.19
2157.54,-7.01
2157.54,-8.19
2157.55,-8.41
2157.55,-8.52
2157.55,-8.52
2157.55,-6.58
2157.56,-6.9
2157.56,-9.16
2157.56,-8.19
2157.56,-8.84
2157.56,-8.09
2157.56,-8.62
2157.56,-8.95
2157.56,-7.44
2157.56,-7.65
2157.56,-8.3
2157.57,-7.98
2157.57,-7.44
2157.57,-8.52
2157.57,-8.52
2157.57,-7.01
2157.57,-7.22
2157.57,-8.41
2157.57,-8.19
2157.57,-8.3
2157.57,-6.58
2157.58,-8.3
2157.58,-8.19
2157.58,-8.41
2157.58,-7.55
2157.58,-8.52
2157.58,-8.95
2157.58,-8.19
2157.59,-7.11
2157.59,-8.19
2157.59,-8.52
2157.6,-9.06
2157.6,-6.68
2157.6,-8.09
2157.6,-8.73
2157.6,-8.19
2157.6,-8.62
2157.6,-8.52
2157.6,-8.73
2157.6,-8.09
2157.6,-8.3
2157.61,-8.41
2157.61,-8.41
2157.61,-8.3
2157.61,-8.19
2157.61,-8.09
2157.61,-6.9
2157.61,-8.95
2157.61,-7.87
2157.61,-8.19
2157.61,-7.44
2157.62,-8.3
2157.62,-7.11
2157.62,-8.09
2157.62,-8.52
2157.62,-7.98
2157.62,-7.11
2157.62,-7.87
2157.62,-8.62
2157.62,-8.41
2157.63,-7.76
2157.63,-8.3
2157.64,-8.3
2157.64,-8.73
2157.64,-8.52
2157.64,-6.36
2157.64,-8.3
2157.64,-8.41
2157.64,-6.36
2157.64,-8.41
2157.64,-8.19
2157.64,-8.62
2157.65,-8.52
2157.65,-8.19
2157.65,-8.41
2157.65,-6.58
2157.65,-8.09
2157.65,-8.73
2157.65,-7.22
2157.65,-8.19
2157.65,-8.52
2157.65,-8.52
2157.66,-8.73
2157.66,-6.9
2157.66,-8.09
2157.66,-8.73
2157.66,-8.3
2157.66,-5.93
2157.66,-7.76
2157.66,-8.95
2157.66,-8.19
2157.66,-8.52
2157.68,-7.98
2157.68,-6.9
2157.68,-7.44
2157.68,-8.73
2157.68,-8.3
2157.68,-8.41
2157.68,-8.41
2157.68,-7.33
2157.68,-8.73
2157.68,-8.09
2157.69,-6.04
2157.69,-8.3
2157.69,-8.19
2157.69,-8.19
2157.69,-8.62
2157.69,-6.58
2157.69,-7.11
2157.69,-7.11
2157.69,-8.62
2157.69,-8.62
2157.7,-8.09
2157.7,-8.09
2157.7,-8.19
2157.7,-8.73
2157.7,-7.98
2157.7,-8.19
2157.7,-8.73
2157.7,-7.11
2157.7,-7.76
2157.7,-8.19
2157.71,-6.79
2157.72,-8.62
2157.72,-8.84
2157.72,-8.73
2157.72,-8.3
2157.72,-7.11
2157.72,-7.11
2157.72,-7.22
2157.72,-7.87
2157.72,-8.62
2157.72,-9.06
2157.73,-8.19
2157.73,-8.3
2157.73,-8.62
2157.73,-6.9
2157.73,-7.76
2157.73,-8.3
2157.73,-9.06
2157.73,-8.09
2157.73,-8.62
2157.73,-8.3
2157.74,-8.62
2157.74,-8.3
2157.74,-6.79
2157.74,-7.65
2157.74,-8.52
2157.74,-8.3
2157.74,-7.44
2157.74,-7.87
2157.74,-8.73
2157.74,-6.47
2157.75,-8.19
2157.76,-8.41
2157.76,-8.62
2157.76,-8.19
2157.76,-5.17
2157.76,-8.09
2157.76,-8.62
2157.76,-8.3
2157.76,-8.62
2157.76,-8.95
2157.77,-8.95
2157.77,-8.41
2157.77,-8.52
2157.77,-7.22
2157.77,-8.19
2157.77,-8.62
2157.77,-8.73
2157.77,-8.52
2157.77,-7.11
2157.77,-7.11
2157.78,-8.3
2157.78,-6.79
2157.78,-7.65
2157.78,-7.98
2157.78,-8.62
2157.78,-8.52
2157.78,-8.19
2157.78,-8.62
2157.78,-8.19
2157.78,-6.58
2157.79,-8.19
2157.79,-8.62
2157.79,-7.87
2157.8,-8.52
2157.8,-8.3
2157.8,-6.47
2157.8,-7.01
2157.8,-8.09
2157.8,-8.19
2157.8,-8.52
2157.81,-7.98
2157.81,-6.79
2157.81,-8.09
2157.81,-8.19
2157.81,-8.41
2157.81,-8.19
2157.81,-8.09
2157.81,-7.98
2157.81,-7.87
2157.81,-8.41
2157.81,-7.87
2157.82,-8.41
2157.82,-8.52
2157.82,-8.84
2157.82,-7.65
2157.82,-8.19
2157.82,-8.3
2157.82,-8.09
2157.82,-8.3
2157.82,-8.52
2157.82,-8.09
2157.83,-7.55
2157.83,-7.65
2157.83,-8.62
2157.83,-7.44
2157.84,-8.41
2157.84,-8.3
2157.84,-7.33
2157.84,-8.52
2157.84,-8.84
2157.84,-8.62
2157.85,-8.41
2157.85,-8.41
2157.85,-7.22
2157.85,-8.84
2157.85,-7.11
2157.85,-8.3
2157.85,-7.22
2157.85,-8.19
2157.85,-8.3
2157.85,-8.3
2157.86,-8.3
2157.86,-8.73
2157.86,-8.09
2157.86,-7.55
2157.86,-8.3
2157.86,-8.19
2157.86,-8.41
2157.86,-8.3
2157.86,-8.52
2157.86,-6.36
2157.87,-8.73
2157.87,-8.62
2157.87,-8.3
2157.87,-8.84
2157.87,-8.62
2157.87,-8.09
2157.88,-8.52
2157.88,-8.3
2157.88,-6.47
2157.88,-8.73
2157.89,-8.3
2157.89,-8.3
2157.89,-8.62
2157.89,-7.11
2157.89,-8.09
2157.89,-8.52
2157.89,-9.38
2157.89,-7.44
2157.89,-8.52
2157.89,-7.87
2157.9,-7.11
2157.9,-9.16
2157.9,-8.73
2157.9,-8.41
2157.9,-8.52
2157.9,-6.79
2157.9,-9.92
2157.9,-8.3
2157.9,-8.73
2157.9,-8.52
2157.9,-8.41
2157.91,-8.09
2157.91,-8.3
2157.91,-8.62
2157.91,-8.62
2157.91,-7.11
2157.91,-8.62
2157.92,-7.65
2157.92,-8.41
2157.92,-8.95
2157.92,-8.73
2157.93,-6.14
2157.93,-7.76
2157.93,-8.62
2157.93,-9.27
2157.93,-8.52
2157.93,-8.41
2157.93,-6.9
2157.93,-9.16
2157.93,-8.84
2157.93,-9.06
2157.94,-8.41
2157.94,-8.84
2157.94,-7.11
2157.94,-6.47
2157.94,-8.3
2157.94,-8.52
2157.94,-8.84
2157.94,-8.09
2157.94,-6.14
2157.94,-8.52
2157.95,-8.62
2157.95,-8.09
2157.95,-8.52
2157.95,-6.79
2157.95,-8.52
2157.95,-8.84
2157.95,-8.52
2157.95,-8.3
2157.96,-8.3
2157.96,-9.16
2157.97,-8.19
2157.97,-8.41
2157.97,-7.01
2157.97,-7.33
2157.97,-8.73
2157.97,-8.41
2157.97,-8.62
2157.97,-9.16
2157.97,-7.11
2157.97,-6.9
2157.98,-8.52
2157.98,-8.73
2157.98,-8.19
2157.98,-8.73
2157.98,-8.41
2157.98,-7.87
2157.98,-5.93
2157.98,-7.22
2157.98,-8.3
2157.98,-8.62
2157.99,-8.3
2157.99,-8.52
2157.99,-8.95
2157.99,-8.09
2157.99,-7.22
2157.99,-8.84
2157.99,-7.76
2157.99,-8.19
2157.99,-8.19
2157.99,-7.87
2158,-7.44
2158.01,-8.73
2158.01,-8.62
2158.01,-8.41
2158.01,-9.06
2158.01,-8.73
2158.01,-6.36
2158.01,-7.44
2158.01,-8.62
2158.01,-8.41
2158.01,-8.84
2158.02,-9.16
2158.02,-8.73
2158.02,-8.84
2158.02,-7.11
2158.02,-8.3
2158.02,-8.3
2158.02,-8.52
2158.02,-8.84
2158.02,-7.11
2158.02,-6.47
2158.03,-7.65
2158.03,-7.87
2158.03,-8.3
2158.03,-8.41
2158.03,-9.27
2158.03,-7.98
2158.03,-8.41
2158.03,-7.87
2158.03,-7.33
2158.03,-8.19
2158.05,-8.3
2158.05,-8.41
2158.05,-6.58
2158.05,-8.3
2158.05,-8.3
2158.05,-8.73
2158.05,-7.87
2158.05,-7.87
2158.05,-5.82
2158.05,-7.87
2158.06,-8.3
2158.06,-8.41
2158.06,-8.3
2158.06,-8.84
2158.06,-8.52
2158.06,-7.44
2158.06,-8.62
2158.06,-8.3
2158.06,-8.73
2158.06,-8.19
2158.07,-8.84
2158.07,-7.76
2158.07,-8.3
2158.07,-7.98
2158.07,-7.44
2158.07,-8.73
2158.07,-8.73
2158.07,-8.73
2158.07,-8.3
2158.07,-7.55
2158.08,-8.62
2158.08,-7.01
2158.09,-7.11
2158.09,-7.44
2158.09,-7.76
2158.09,-8.62
2158.09,-8.95
2158.09,-8.84
2158.09,-8.52
2158.09,-8.41
2158.09,-8.41
2158.1,-8.3
2158.1,-8.41
2158.1,-8.09
2158.1,-8.52
2158.1,-8.84
2158.1,-8.52
2158.1,-8.09
2158.1,-7.11
2158.1,-7.87
2158.1,-8.19
2158.11,-8.73
2158.11,-8.84
2158.11,-6.68
2158.11,-8.3
2158.11,-8.3
2158.11,-8.73
2158.11,-6.47
2158.11,-6.58
2158.11,-8.62
2158.11,-7.98
2158.12,-8.52
2158.12,-7.33
2158.13,-8.3
2158.13,-8.95
2158.13,-8.73
2158.13,-8.84
2158.13,-8.62
2158.13,-7.11
2158.13,-9.06
2158.13,-8.3
2158.14,-7.22
2158.14,-8.52
2158.14,-8.84
2158.14,-8.3
2158.14,-8.52
2158.14,-8.84
2158.14,-7.76
2158.14,-7.55
2158.14,-8.84
2158.14,-8.19
2158.15,-8.73
2158.15,-8.19
2158.15,-9.06
2158.15,-7.44
2158.15,-6.9
2158.15,-8.3
2158.15,-8.62
2158.15,-7.65
2158.15,-7.11
2158.15,-7.11
2158.16,-7.22
2158.16,-8.52
2158.16,-6.58
2158.16,-6.79
2158.17,-9.38
2158.17,-8.84
2158.17,-8.19
2158.17,-6.36
2158.17,-8.3
2158.17,-7.87
2158.18,-8.84
2158.18,-8.41
2158.18,-9.7
2158.18,-8.52
2158.18,-8.19
2158.18,-6.9
2158.18,-7.76
2158.18,-8.62
2158.18,-7.98
2158.18,-8.84
2158.18,-8.41
2158.19,-7.22
2158.19,-9.06
2158.19,-8.3
2158.19,-8.52
2158.19,-7.01
2158.19,-8.52
2158.19,-8.3
2158.19,-8.3
2158.19,-8.52
2158.19,-7.33
2158.2,-8.09
2158.2,-8.09
2158.2,-7.65
2158.2,-7.65
2158.2,-8.41
2158.21,-8.19
2158.21,-8.73
2158.21,-7.11
2158.21,-8.95
2158.21,-8.73
2158.22,-7.65
2158.22,-8.3
2158.22,-8.62
2158.22,-8.52
2158.22,-8.09
2158.22,-8.19
2158.22,-8.95
2158.22,-8.41
2158.22,-8.41
2158.22,-8.73
2158.23,-9.27
2158.23,-8.52
2158.23,-7.11
2158.23,-8.09
2158.23,-7.33
2158.23,-8.52
2158.23,-8.3
2158.23,-8.73
2158.23,-8.73
2158.23,-7.44
2158.24,-7.11
2158.24,-7.11
2158.24,-8.3
2158.24,-8.52
2158.24,-8.84
2158.24,-8.62
2158.25,-8.52
2158.25,-6.25
2158.25,-8.62
2158.25,-8.3
2158.26,-8.52
2158.26,-8.3
2158.26,-8.73
2158.26,-7.11
2158.26,-7.44
2158.26,-8.3
2158.26,-8.84
2158.26,-8.62
2158.26,-7.01
2158.26,-8.52
2158.27,-6.58
2158.27,-7.11
2158.27,-8.41
2158.27,-8.84
2158.27,-8.73
2158.27,-8.73
2158.27,-8.73
2158.27,-7.76
2158.27,-7.76
2158.27,-8.52
2158.27,-8.84
2158.28,-8.52
2158.28,-8.62
2158.28,-8.09
2158.28,-8.3
2158.28,-8.52
2158.28,-8.62
2158.28,-7.65
2158.28,-8.73
2158.28,-9.06
2158.28,-9.38
2158.3,-8.62
2158.3,-8.62
2158.3,-8.09
2158.3,-8.41
2158.3,-7.01
2158.3,-7.87
2158.3,-8.41
2158.3,-9.16
2158.3,-8.3
2158.3,-8.52
2158.31,-8.73
2158.31,-8.95
2158.31,-8.62
2158.31,-7.11
2158.31,-6.14
2158.31,-9.16
2158.31,-9.16
2158.31,-8.73
2158.31,-8.84
2158.31,-7.44
2158.32,-8.73
2158.32,-8.41
2158.32,-7.22
2158.32,-8.19
2158.32,-8.62
2158.32,-8.62
2158.32,-8.84
2158.32,-8.52
2158.32,-8.84
2158.32,-8.52
2158.34,-8.73
2158.34,-8.73
2158.34,-7.11
2158.34,-6.14
2158.34,-8.3
2158.34,-8.84
2158.34,-8.84
2158.34,-8.09
2158.34,-8.3
2158.34,-7.11
2158.35,-8.73
2158.35,-8.3
2158.35,-8.62
2158.35,-8.52
2158.35,-7.55
2158.35,-8.52
2158.35,-7.98
2158.35,-8.73
2158.35,-8.52
2158.35,-7.11
2158.36,-8.3
2158.36,-8.41
2158.36,-8.41
2158.36,-8.84
2158.36,-8.73
2158.36,-6.58
2158.36,-8.19
2158.36,-9.06
2158.36,-8.73
2158.36,-7.11
2158.36,-7.87
2158.38,-8.52
2158.38,-9.06
2158.38,-8.73
2158.38,-7.33
2158.38,-8.73
2158.38,-8.3
2158.38,-6.9
2158.38,-7.76
2158.38,-9.81
2158.38,-8.52
2158.39,-8.3
2158.39,-6.79
2158.39,-8.62
2158.39,-8.62
2158.39,-8.73
2158.39,-9.06
2158.39,-7.76
2158.39,-8.62
2158.39,-8.73
2158.39,-6.79
2158.4,-8.3
2158.4,-8.62
2158.4,-8.73
2158.4,-8.3
2158.4,-6.58
2158.4,-8.41
2158.4,-9.06
2158.4,-8.3
2158.4,-8.3
2158.4,-8.62
2158.42,-8.41
2158.42,-7.87
2158.42,-8.62
2158.42,-7.11
2158.42,-9.49
2158.42,-7.76
2158.42,-8.73
2158.42,-7.87
2158.42,-8.41
2158.42,-8.62
2158.43,-7.33
2158.43,-8.52
2158.43,-8.95
2158.43,-8.52
2158.43,-8.09
2158.43,-8.3
2158.43,-9.38
2158.43,-6.79
2158.43,-7.33
2158.43,-8.62
2158.44,-7.76
2158.44,-8.19
2158.44,-8.95
2158.44,-7.76
2158.44,-8.19
2158.44,-8.84
2158.44,-9.38
2158.44,-7.22
2158.44,-8.62
2158.44,-8.41
2158.45,-7.11
2158.45,-8.62
2158.46,-7.87
2158.46,-8.19
2158.46,-8.3
2158.46,-8.52
2158.46,-8.19
2158.46,-9.06
2158.46,-8.84
2158.46,-8.52
2158.46,-8.62
2158.47,-7.44
2158.47,-7.76
2158.47,-8.3
2158.47,-9.38
2158.47,-6.79
2158.47,-8.84
2158.47,-8.41
2158.47,-8.62
2158.47,-8.73
2158.47,-8.62
2158.48,-8.84
2158.48,-8.52
2158.48,-7.11
2158.48,-8.09
2158.48,-8.84
2158.48,-8.73
2158.48,-8.62
2158.48,-8.41
2158.48,-7.01
2158.48,-8.73
2158.49,-9.06
2158.49,-8.84
2158.49,-8.84
2158.5,-7.01
2158.5,-8.73
2158.5,-9.49
2158.5,-6.36
2158.5,-8.62
2158.5,-8.73
2158.5,-7.65
2158.51,-8.84
2158.51,-8.73
2158.51,-8.19
2158.51,-8.73
2158.51,-6.79
2158.51,-8.41
2158.51,-9.27
2158.51,-8.41
2158.51,-7.33
2158.51,-8.73
2158.52,-7.87
2158.52,-7.11
2158.52,-8.84
2158.52,-7.44
2158.52,-8.52
2158.52,-6.36
2158.52,-8.62
2158.52,-8.73
2158.52,-9.38
2158.52,-7.11
2158.53,-7.76
2158.53,-9.16
2158.53,-8.3
2158.53,-6.79
2158.53,-8.62
2158.53,-8.52
2158.53,-6.58
2158.53,-8.73
2158.54,-6.79
2158.54,-8.3
2158.55,-6.79
2158.55,-8.73
2158.55,-6.9
2158.55,-7.87
2158.55,-8.52
2158.55,-8.73
2158.55,-8.84
2158.55,-6.79
2158.55,-8.41
2158.55,-8.62
2158.55,-8.09
2158.56,-8.19
2158.56,-8.73
2158.56,-6.36
2158.56,-9.59
2158.56,-8.62
2158.56,-9.16
2158.56,-8.3
2158.56,-8.73
2158.56,-8.52
2158.56,-8.84
2158.57,-8.73
2158.57,-7.65
2158.57,-8.52
2158.57,-8.84
2158.57,-8.73
2158.57,-8.41
2158.57,-8.19
2158.57,-8.19
2158.57,-8.73
2158.58,-8.84
2158.59,-8.19
2158.59,-9.16
2158.59,-7.87
2158.59,-8.73
2158.59,-8.62
2158.59,-8.73
2158.59,-8.62
2158.59,-8.09
2158.59,-8.52
2158.59,-8.52
2158.6,-8.62
2158.6,-8.95
2158.6,-8.52
2158.6,-8.52
2158.6,-7.76
2158.6,-8.73
2158.6,-7.65
2158.6,-8.84
2158.6,-8.84
2158.6,-7.22
2158.61,-8.52
2158.61,-8.84
2158.61,-8.84
2158.61,-8.09
2158.61,-8.41
2158.61,-8.19
2158.61,-8.62
2158.61,-8.95
2158.61,-8.73
2158.61,-7.22
2158.63,-8.73
2158.63,-8.41
2158.63,-8.84
2158.63,-8.19
2158.63,-8.62
2158.63,-7.44
2158.63,-8.73
2158.63,-7.11
2158.63,-8.52
2158.63,-8.52
2158.64,-7.11
2158.64,-8.19
2158.64,-8.73
2158.64,-8.84
2158.64,-8.19
2158.64,-8.3
2158.64,-7.11
2158.64,-7.55
2158.64,-7.11
2158.64,-9.16
2158.64,-8.84
2158.65,-7.22
2158.65,-8.62
2158.65,-8.52
2158.65,-8.19
2158.65,-8.3
